순위,ISBN,상품번호,상품명,판매가,YES포인트,저자,출판사,설명,출고예상일,관리분류
1,9788937463266,14863283,라쇼몬,"12,600원",700원,아쿠타가와 류노스케 저/서은혜 역,민음사,"예술의 이상향을 꿈꾼 불세출의 천재 아쿠타가와 류노스케
일본 근대 문학을 견인하며 독보적이고 독창적인 작품 세계를 펼친 작가
시대와 세대를 초월하여 문학의 본질을 탐구하는 예리한 시선

탁월한 천재성과 지성으로 근대 문학을 이끌며 일본 문학사에 유일무이한 존재로 뚜렷한 자취를 남긴 작가 아쿠타가와 류노스케의 단편선 『라쇼몬』이 민음사 세계문학전집(326)으로 출간되었다. 이 책에 수록된 총 열네 편의 작품들은 이지적이고 합리주의적인 단편 안에 인간의 심연과 예술에 대한 열망을 선명하게 투영하고 있다.

아쿠타가와 류노스케의 작품은 단편소설이 보여 줄 수 있는 영역을 최대로 확장한다.",1,국내도서-소설/시/희곡
2,9791158791971,114946621,우중괴담,"15,120원",840원,미쓰다 신조 저/현정수 역,북로드,"『우중괴담』은 일본 최고의 호러 미스터리 작가 미쓰다 신조의 소설로, 가슴 서늘하게 만드는 다섯 가지 괴담을 담고 있다. 미쓰다 신조는 호러와 미스터리라는 두 장르의 절묘하고 공교한 융합과 메타픽션의 작법을 통해 자신만의 독특한 작풍을 정립하며 특색 있는 작품을 꾸준히 선보여온 작가다. 또한 ‘미쓰다 월드’라는, 특유의 작품 세계를 지칭하는 용어이자 그의 소설을 열렬히 지지하는 마니아층을 호칭하는 말을 탄생시켰을 정도로 호러와 미스터리 장르의 독자들에게는 독보적인 존재로 인정받는 거장이기도 하다. 

‘나’는 호러 소설 작가다. 나는 꽤 오랜 기간 괴담을 수집해왔기에 종종 자신이 겪은 괴이한 일을 들려준다며 그 해석을 요구하는 이들도 있을 정도다. 이번에 나는 다섯 명의 사람에게서 기이한 체험담을 듣는다. ",1,국내도서-소설/시/희곡
3,9788952763266,6083377,지옥변,"13,500원",750원,아쿠타가와 류노스케 저/양윤옥 역,시공사,"나쓰메 소세키가 “문단에 다시없을 작가”라고 극찬했던 아쿠타가와 류노스케는 일본 근대문학을 이야기할 때 가장 중요하게 언급되는 작가이다. 35년이라는 짧은 생을 단거리 주자처럼 내달리며 150편에 이르는 단편과 거의 동일한 양의 동화, 수필, 평론, 기행문 등을 집필한 그는 모든 열정을 불꽃처럼 연소시킨 뒤 자살로 생을 마감했다. 

‘세계문학의 숲’이 소개하는 열세 번째 작품은 일본 근대문학을 이끈 천재작가 아쿠타가와 류노스케의 대표작을 담아낸 단편집 《지옥변》이다.",1,국내도서-소설/시/희곡
4,9791194293842,142572736,입에 대한 앙케트,"5,850원",320원,세스지 저/오삭 역,반타,"출간 즉시 18만 부 판매 돌파!
일본 아마존 호러 분야 1위 작가의 최고 화제작
1년에 한 권도 책을 읽지 않던 독자까지 홀린
지금껏 존재하지 않았던 신감각 호러 체험
먼저 읽은 일본 독자들의 찬사

***** 작지만 제대로 무섭다
***** ‘험한 것’이 ‘형태’를 갖추고 말았다 
가까이 놔두면 불길한 것을 불러들이지 않을까?
***** 기발함과 경악스러움에 입이 절로 벌어진다
***** 공유하고 싶고 추천하고 싶은 공포는 처음이다

발표하는 작품마다 실제와 허구의 경계를 허물어뜨리는 전무후무한 기법을 선보여 일본에서 호러 붐을 일으키고 있는 신예 작가 세스지의 『입에 대한 앙케트』가 VANTA(반타)에서 출간된다.",1,국내도서-소설/시/희곡
5,9788954625586,14170073,여자 없는 남자들,"14,220원",790원,무라카미 하루키 저/양윤옥 역,문학동네,"“우리가 누군가를 완전히 이해한다는 게 과연 가능할까요?

설령 그 사람을 깊이 사랑한다 해도.”



무라카미 하루키 9년 만의 신작 소설집

일본어판 수록 6편 +「사랑하는 잠자」, 총 7편 수록 



무라카미 하루키가 단편소설을 묶은 소설집을 출간하는 것은 2005년 『도쿄 기담집』 이후 9년 만이다. 그사이 하루키 월드의 집대성으로 평가되는 대작 『1Q84』를 비롯한 장편소설 집필에 몰두해왔던 그는, 2013년 직접 선별한 영미권 단편소설 모음집 『그리워서』의 번역작업중에 문득 ‘장편을 쓰는 것도 지쳤으니 이제 슬슬 단편들을 써보는 게 어떨까’라는 생각이 들었다고 한다. 



그후 그해 말부터 이듬해 봄에 걸쳐 발표한 단편소설 다섯 편과 단행본 출간에 맞춰 새로 쓴 표제작 「여자 없는 남자들」이 모여 이번 소설집이 완성되었고, 이번 한국어 판본에는 『그리워서』에 실렸던 오리지널 단편 「사랑하는 잠자」가 특별히 추가되었다.",2,국내도서-소설/시/희곡
6,9788937464034,110009565,달려라 메로스,"12,600원",700원,다자이 오사무 저/유숙자 역,민음사,"“그 남자를 죽게 해서는 안 돼! 서둘러, 메로스! 늦으면 안 돼.
사랑과 진심의 힘을, 지금이야말로 알려 줘야 해.”
비범한 이야기꾼 다자이 오사무가 펼쳐 보이는 다채로운 문학 세계
다자이 문학 본연의 충만한 에너지가 넘실대는 중후기 대표 작품선

오늘날 가장 유명한 일본 작가 중 한 사람인 다자이 오사무의 『달려라 메로스』가 출간되었다. 다자이의 주요 작품인 『인간 실격』, 『사양』, 『만년』 등을 이어 이 책 『달려라 메로스』는 다자이 문학의 중후기 대표작을 모은 것으로 『사양』과 『만년』의 번역가 유숙자가 수록 작품을 고르고 우리말로 옮겼다. 1939년 결혼을 계기로 서른 살의 다자이 오사무는 인생과 문학 모두에서 전환기를 맞이한다. 질풍노도의 청춘을 뒤로하고 가장이자 직업 작가로서 새로운 길을 모색한 다자이의 문학 세계는 이 시기에 한층 다채로워진다.",1,국내도서-소설/시/희곡
7,9788937403170,1480,키친,"10,800원",600원,요시모토 바나나 저/김난주 역,민음사,"어른이 되어 간다는 것은 상처를 극복하는 방법을 하나 둘 터득해 가는 과정인지도 모르겠다. 『키친』의 등장인물들이 슬픔을 어쩌지 못하고 허우적대는 것도 그들이 아직 상처를 다루는 데 미숙한, 청년기에 놓여 있기 때문이다. 

요시모토 바나나의 『키친』은 사랑하는 사람의 죽음 이후, 남겨진 사람들이 상처를 극복하고 성장해가는 과정을 그리고 있다. 「키친」, 「만월」, 「달빛 그림자」라는 세 개의 단편으로 구성되어 있는데, 「키친」과 「만월」은 마치 한 편의 소설처럼 하나의 이야기로 연결되어 있으며 두 주인공이 ...",1,국내도서-소설/시/희곡
8,9788990982469,6498720,신참자,"16,920원",940원,히가시노 게이고 저/김난주 역,재인,"현대 일본문학의 아이콘 히가시노 게이고의 신작 소설. 그가 이번 소설의 주 무대로 택한 도쿄 니혼바시의 닌교초 거리는 지금도 옛 에도의 정취가 살아 숨 쉬는 곳으로, 작가는 이 독특한 정서가 흐르는 지역에서 일어난 의문의 살인 사건과 그것을 추적하는 과정에서 드러나는 갖가지 미스터리를 특유의 사실적인 묘사와 인간에 대한 따뜻한 시선으로 그려 냈다. 

소설은 아홉 개의 단편이 연작 형식으로 이어져 마지막에 가서 하나의 큰 그림을 완성하는 형태로 되어 있다.",1,국내도서-소설/시/희곡
9,9788955617412,15458489,환상의 빛,"11,520원",640원,미야모토 테루 저/송태욱 역,바다출판사,"영화 역사상 가장 아름다운 데뷔작 중 한 편으로 평가받는 「환상의 빛」의 원작 단편집『환상의 빛』. 

서간 문학의 참맛을 알려주는 작품이다. 아내가 죽은 남편에게 부치는 편지 형식을 띤 이 작품은 왕복 서한이 아니라는 점에서 온전한 의미의 서간 문학은 아닐지도 모른다. 수취인 또한 이미 이 세상에 없는 남편이라는 점은 그러한 면모를 더욱 두드러지게 한다. 하지만 수취인 부재의 편지라는 형식은 발신인의 간절한 질문에 대답해줄 수 없는 주체가 부재한다는 이 소설의 정조인 애절함과 안타까움, 쓸쓸함을 더 한층 선명하게 드러내는 장치로 작용한다. 그리고 삶과 죽음의 경계란 생각보다 멀지 않으며 죽음은 삶의 외곽에 놓여 있는 것이 아니라 우리 삶의 한복판에 있을 수 있다는 이 책의 주제로 볼 때 이 수취인 부재의 편지 형식은 단순히 특정한 개인을 향한 발신이 아니라 그보다 더 큰 존재를 향한 편지라는 함의를 띤다고도 할 수 있다.",1,국내도서-소설/시/희곡
10,9788925576633,118500644,블랙 쇼맨과 환상의 여자,"16,200원",900원,히가시노 게이고 저/최고은 역,알에이치코리아(RHK),"“인생 리셋을 꿈꾸는 이들의 기묘한 의뢰
블랙 쇼맨이 접수합니다!”

한국에 선공개되는 히가시노 게이고의 새로운 시리즈 「블랙 쇼맨」 최신간

미스터리의 제왕이 돌아왔다. 이번 신간은 한층 속도감을 더한 소설집으로, 전작 『블랙 쇼맨과 이름 없는 마을의 살인』을 통해 새롭게 선보인 히어로 블랙 쇼맨 그리고 사건이 해결되는 공간 ‘트랩 핸드’가 또다시 등장해 마술 같은 재미를 보장한다. 

도쿄의 후미진 골목에 위치해 간판도 없이 운영되는 바 트랩 핸드, 그곳에는 눈썰미부터 말솜씨까지 남다른 마스터 가미오 다케시가 있다. 그가 고객의 사연에 맞춰 만들어주는 한잔의 술을 들이켜며 손님들은 저마다의 고민을 그에게 털어놓기도 하고, 조용히 하루의 고단함을 씻어내기도 한다. 부족한 것 없는 귀부인이 이사할 집의 리모델링을 위해 젊은 건축사에게 의뢰를 맡긴다. 코로나19로 입은 실적의 타격을 단숨에 만회할 기회인 만큼 그는 여성의 마음을 사로잡으려 갖은 애를 쓴다.",1,국내도서-소설/시/희곡
11,9788970128436,3625353,4월의 어느 맑은 아침에 100퍼센트의 여자를 만나는 것에 대하여,"11,700원",650원,무라카미 하루키 저/임홍빈 역,문학사상,"감각적이고 도시적인, 그리고 담담한 슬픔과 허무를 담은
무라카미 하루키의 초기 작품들을 만난다

'간결, 독창, 감각적'이라는 세 단어로 압축할 수 있는 무라카미 하루키 작품의 특징이 가득한 초기 단편집이다. 일본에서는 1983년에 출간되었던 소설집으로, 모두 18편의 작품이 실려 있다. 감각적이고, 환상적이며, 하루키 특유의 상상력이 돋보이는 작품들은 하루키 소설의 흥취에 흠뻑 빠져들게 할 것이다.",1,국내도서-소설/시/희곡
12,9791127869328,120164165,밤을 달리다 YOASOBI 소설집,"10,800원",600원,호시노 마요 등저/김진아 역,GC북스(GCBooks),"「소설을 음악으로 만들어내는 유닛」
YOASOBI의 음악
「밤을 달리다」, 「그 꿈을 덧그리며」,
「아마도」, 「앙코르」의 모티브가 된 원작 소설집!",1,국내도서-소설/시/희곡
13,9788937429422,63331534,열쇠,"8,820원",490원,다니자키 준이치로 저/김효순 역,민음사,"쏜살 문고 ‘다니자키 준이치로 선집’의 여덟 번째 권은 『열쇠』다. 『겐지 이야기』를 현대 일본어로 옮기며 간사이 시대(일본 고전 문학으로의 회귀)를 총결산한 다니자키는 2차 세계대전을 경유해, 마침내 자신의 말기 문학을 펼쳐 보이기 시작한다. 『열쇠』는 거장조차도 매너리즘에 빠지기 쉬운 시기에 돌연 이제껏 고수해 온 형식과 주제, 문체까지 전부 타파하며 다시금 문단의 정중앙을 조준한 야심작(가라타니 고진, “다니자키 준이치로는 이 작품으로 화려하고도 완벽하게 부활했다.”)이자 일반 독자부터 비평가, 심지어 정계에 이르기까지 ‘외설 문제’로 씨름하게 한 문제작이다. 프랑스 심리 소설의 걸작이자 서간체 문학의 정수, 라클로의 『위험한 관계』를 방불하게 하는 일기체 형식의 독특한 작품으로, 권태기에 이른 중년 부부가 비밀스럽게 서로 일기를 남기며 상대의 정신과 육체를 쥐락펴락하는 대단히 아슬아슬하고도 교묘한 소설이다.",1,국내도서-소설/시/희곡
14,9788934980292,105133647,쾌 : 젓가락 괴담 경연,"17,820원",990원,"미쓰다 신조,쉐시쓰,예터우쯔,샤오샹선,찬호께이 공저/이현아,김다미 공역",비채,"장르문학 대가들의 릴레이 괴담 경연
미쓰다 신조, 찬호께이 등 3國 5人 5色의 이색 합주!

일본의 미쓰다 신조, 홍콩의 찬호께이·예터우쯔, 타이완의 쉐시쓰·샤오샹선 등 화려한 수상 경력을 자랑하는 장르문학 대표 작가들이 모였다. 소설의 메인 테마는 아시아인에게 아주 친숙한 사물인 ‘젓가락’. 3국의 작가는 일상적 사물인 젓가락을 둘러싼 미신과 금기에 천착해 ‘젓가락 괴담’ 릴레이를 선보인다. 총 다섯 개의 단편으로 구성된 소설집은 각기 다른 괴담이 서로 이어지고 어우러지다 하나의 큰 이야기로 완성되는 독특한 매력을 자랑한다. 각각의 단편을 따로 읽으며 국가별·작가별로 상이한 매력을 느껴도 좋고, 수록 순서대로 읽으며 하모니를 맛보아도 좋을 것이다. 미스터리와 호러, 괴담을 절묘하게 융합한 환상 문학의 일인자 미쓰다 신조가 「젓가락님」으로 문을 열고 홍콩 장르문학의 대명사 찬호께이가 「해시노어」로 이야기의 막을 내린다.",1,국내도서-소설/시/희곡
15,9791160262124,96018196,조제와 호랑이와 물고기들,"13,500원",750원,다나베 세이코 저/양억관 역,작가정신,"아쿠타가와상 수상 작가 다나베 세이코 대표작
빛나는 감각으로 그려낸 사랑과 연애의 본질

‘내 인생 잊지 못할 사랑 영화 1위’
이누도 잇신 감독 〈조제, 호랑이 그리고 물고기들〉 원작

한국판 리메이크▶ 한지민·남주혁 주연, 김종관 감독 영화 〈조제〉 원작
2020 부산국제영화제 폐막작▶ 일본 애니메이션 〈조제, 호랑이 그리고 물고기들〉 원작

싸한 사랑의 기억, 이 시대 최고의 연애소설

『조제와 호랑이와 물고기들』은 일본의 국민작가로 존경받는 아쿠타가와상 수상 작가 다나베 세이코가 ‘연애’를 테마로 쓴 단편소설집이다. 작가 다나베 세이코는 1963년 『감상여행』으로 아쿠타가와상을 수상하고 2000년 국가 문화공로자로 선정되기까지 소설과 에세이, 평전 등 240여 편에 달하는 작품을 펴냈으며, 특히 일본 2백만 부 베스트셀러 『신 겐지모노가타리』의 저자로 자국에서는 “다나베 겐지”라는 닉네임으로 불리는 관록 있는 작가이다.",1,국내도서-소설/시/희곡
16,9788986836769,106501018,바람이 강하게 불고 있다,"15,120원",840원,미우라 시온 저/임희선 역,청미래,"문학성과 대중성을 겸비한 미우라 시온의 대표작 
서로 다르지만 역전 마라톤을 위하여 함께 달리는 10명의 뜨거운 청춘들의 이야기

『마호로 역 다다 심부름집』과 『배를 엮다』로 나오키 상과 서점대상을 모두 수상한 최초의 작가 미우라 시온의 대표작인 이 책은 1월 2-3일에 열리는 하코네 역전 마라톤에 도전하는 열 명의 청춘들의 이야기를 담고 있다. 출간되자마자 베스트셀러에 오르며 뜨거운 사랑을 받은 이 책은 영화, 만화, 애니메이션으로 제작되며 그 인기가 입증되었다. 미우라 시온은 열 명의 개성 넘치는 인물들이 하나의 목표를 이루어나가는 아름다운 이야기를 유쾌하게 그려낸다. 제대로 달려본 적도 없는 육상 초보들이지만, 하나의 목표를 향해서 달리는 이들의 모습에는 어떤 목표를 위해서 각자의 자리에서 최선을 다하는 우리 모두의 이야기가 담겨 있다. 각자의 속도로, 또 모두와 함께 달리는 소설 속 열 명의 인물들은 혼자서는 결코 도달할 수 없는 정상에 함께 오르려고 한다.",1,국내도서-소설/시/희곡
17,9791164162192,129587494,에도가와 란포 기담집,"16,200원",900원,에도가와 란포 저/김은희 역,부커,"과연 인간의 추악한 내면은 어디까지 타락할 수 있을까?

미스터리 호러의 대가 에도가와 란포
거장의 알려지지 않은 기이하고도 서늘한 세계

만약 당신이 중고로 구매한 커다란 나무 상자를 열었을 때, 그 안에 수많은 손톱자국과 검붉은 피로 쓴 이름이 어지러이 남아있다고 생각해 보자._〈오세이의 등장〉 과연 그 상자에 어떤 기괴한 사연이 숨어있을지 불길한 상상이 끊임없이 이어지며 알 수 없는 불길함에 휩싸이게 될 것이다. 에도가와 란포는 이렇듯 현실 속에서 벌어지는 비현실적일 정도로 기괴하고 공포스러운 순간을 포착해 추리소설 작가 특유의 섬세함으로 기이한 사건들을 풀어나간다. 

《에도가와 란포 기담집》은 1924년에 발표된 [쌍생아]부터 1931년에 발표된 [메라 박사의 이상한 범죄]까지, 에도가와 란포만의 그로테스크하고 잔혹한 상상력으로 쓰인 기담 16편을 수록했다.",1,국내도서-소설/시/희곡
18,9788925575360,125183475,블랙 쇼맨과 운명의 바퀴,"17,820원",990원,히가시노 게이고 저/최고은 역,알에이치코리아(RHK),"미스터리 제왕의 2024년 최신작 
괴짜 페르소나 『블랙 쇼맨』의 귀환
100억을 두고 벌이는 치열한 심리 게임

히가시노 게이고가 선보이는 새로운 시리즈. 일본에서 『블랙 쇼맨과 각성하는 여자들』로 발표된 소설집을 작가와의 긴밀한 편집 회의 끝에 두 권의 단편집으로 국내에서 출간한다. 앞선 『블랙 쇼맨과 환상의 여자』에서 불특정 다수가 오가며 사연을 만드는 비밀의 바 트랩핸드의 실체가 드러났다면, 신작 『블랙 쇼맨과 운명의 바퀴』에서는 한발 더 나아가 진정한 행복을 찾는 이들의 일생일대의 선택을 돕는 사연이 시원스레 밝혀진다. 

데뷔 후 40년간 성실하게 작품을 출간해 온 히가시노 게이고는 명실공히 인기 작가로 다양한 장르를 넘나들며 수많은 독자를 사로잡았다.",2,국내도서-소설/시/희곡
19,9791187295389,78565617,아쿠타가와 류노스케 선집,"22,500원","1,250원",아쿠타가와 류노스케 저/송태욱 역,서커스(서커스출판상회),아쿠타가와 류노스케는 ‘일본 근대 단편 소설의 아버지’로 평가받는다. 스물넷의 나이에 나츠메 소세키로부터 「코」가 절찬을 받으며 일약 다이쇼 시대 문단의 총아로 떠오른 뒤 서른다섯에 음독자살로 생을 스스로 마감할 때까지 아쿠타가와는 150편이 넘는 단편을 발표했다. 1922년에는 일본의 대표적인 네 개의 문예지 신년호에 일제히 그의 신작이 실리기도 했다. 아쿠타가와가 선생님이라고 부른 유일한 인물인 나츠메 소세키의 안목과 격려에 부응해 그는 다이쇼 시대를 대표하는 작가가 되었고 전국의 수많은 문학청년의 우상으로 군림하게 된다. 이번에 펴내는 선집은 아쿠타가와가 남긴 작품들 중 43편의 대표작을 엄선해서 연대순으로 배치해 그의 문학 세계의 변천 과정을 독자들이 쉽게 이해할 수 있게 했다.,1,국내도서-소설/시/희곡
20,9788954624534,14382311,반딧불이,"12,600원",700원,무라카미 하루키 저/권남희 역,문학동네,"무라카미 하루키 초기 단편세계
작가의 개고, 미발표 작품을 수록한 결정판! 

『반딧불이』 『회전목마의 데드히트』 『빵가게 재습격』은 기존에 문학동네에서 출간한 하루키 소설집의 개정판으로, 작가의 개고사항을 반영하고 미발표 단편들을 추가해 새롭게 선보이는 결정판이다. 전집 간행과 함께 단행본 내용을 작가가 수정한 판본을 번역의 저본으로 삼았으며, 개고 방향이나 단편을 쓰게 된 계기 등을 하루키 스스로 들려주는 「내 작품을 말한다」를 실어 작품의 이해를 한층 도왔다. 기발한 상상력과 섬세한 감성이 숨쉬는 하루키 초기 단편세계를 만날 수 있다.

『반딧불이』는 1990년 고단샤에서 출간한 전집 『무라카미 하루키 전 작품 1979~1989 ③ 단편집 I』을 저본으로 삼으면서 국내 미발표 단편인 「비 오는 날의 여자 #241 ? #242」가 추가되어 총 여섯 편이 수록되었다.",1,국내도서-소설/시/희곡
21,9791160262902,110848208,밤은 짧아 걸어 아가씨야,"13,500원",750원,모리미 도미히코 저/서혜영 역,작가정신,"폭발하는 유머, 거침없는 능청, 밀도 높은 감동
모리미 판타지 최고의 수작!
유아사 마사아키 감독 애니메이션 〈밤은 짧아 걸어 아가씨야〉 원작
일본 누적 판매 150만 부 돌파 스테디셀러

* 제20회 야마모토슈로고상 수상작 
* 2007년 서점대상 2위
* [다빈치] 선정 올해의 책 1위
* 기노쿠니야서점 베스트텐 2위

독야청청한 기백 가득하고, 현실과 가상의 세계를 자유롭게 오가는 천연덕스러운 판타지로 수많은 독자를 열광케 한 청춘소설 『밤은 짧아 걸어 아가씨야』의 개정판이 출간되었다. 모리미 도미히코의 대표작 『밤은 짧아 걸어 아가씨야』는 2006년 출간 이후 일본 누적 판매 150만 부를 돌파한 스테디셀러로, 일본의 ‘천재 애니메이터’로 불리는 유아사 마사아키 감독의 [밤은 짧아 걸어 아가씨야](2017)의 원작 소설이기도 하다.",1,국내도서-소설/시/희곡
22,9788972757511,24100022,오에 겐자부로,"18,000원","1,000원",오에 겐자부로 저/박승애 역,현대문학,"개인적인 체험을 바탕으로
인류 구원과 공생을 역설하는 세계적 작가, 오에 겐자부로

“아직도 내 소설에 의미가 있는 것일까?”

시대를 살아가는 작가의 윤리적 자세를 끊임없이 자문하며 개인적인 체험을 녹여 낸 소설에서 핵 시대의 지구와 우주의 관계를 그린 미래 소설까지 다양한 스펙트럼의 작품을 보여 준 세계문학의 거장. 전후戰後 일본 문학을 대표하는 문인이자 1994년 노벨문학상 수상자인 오에 겐자부로가 60년 가까운 작가 생활 동안 발표했던 모든 단편소설 중에서 직접 스물세 편을 가려 뽑아 고쳐 쓴 『오에 겐자부로 자선단편大江健三?自選短編』(2014)이 현대문학의 「세계문학 단편선」 스물한 번째 권으로 출간되었다.",1,국내도서-소설/시/희곡
23,9788954625487,14377003,멀리 돌아가는 히나,"15,300원",850원,요네자와 호노부 저/권영주 역,엘릭시르,"고전부의 봄, 여름, 가을, 겨울
지난 1년을 한 권에 모두 담았다!

다양한 장르에 도전하며 발표하는 작품마다 호평을 얻는 작가 요네자와 호노부의 데뷔작이자 애니메이션 〈빙과〉의 원작 소설인 ‘고전부’ 시리즈. 고전부 시리즈는 고등학교의 특별 활동 동아리 고전부에 소속되어 있는 학생들이 일상에서 벌어지는 수수께끼를 해결해 나가는 학원 청춘 미스터리이다.

시리즈 네 번째 권에 해당하는 『멀리 돌아가는 히나』는 호타로가 가미야마 고등학교에 입학한 이후 고전부의 일 년간을 그린 시리즈 첫 단편집이다. 『빙과』의 봄부터 『바보의 엔드 크레디트』의 여름, 『쿠드랴프카의 차례』의 가을을 지나 이듬해 4월까지, 학교 괴담을 추리로 푼 「해야 할 일은 간략하게」, 헛간 탈출 대작전 「새해 문 많이 열려라」, 초콜릿 도난 사건을 다룬 「수제 초콜릿 사건」, 히나마쓰리에 얽힌 소동을 그린 「멀리 돌아가는 히나」를 비롯해 총 일곱 편의 단편이 실려 있다.",1,국내도서-소설/시/희곡
24,9788937429378,63331504,치인의 사랑,"10,620원",590원,다니자키 준이치로 저/김춘미 역,민음사,"쏜살 문고 ‘다니자키 준이치로 선집’의 세 번째 권은, 바로 다니자키가 본인의 이름만큼이나 유명한 ‘나오미’라는 캐릭터를 창조해 낸 『치인의 사랑』이다. 이 작품에는 다니자키 문학의 핵심인 탐미주의와 여성 숭배, 마조히즘, 서구 문명에 대한 추종 등의 정신적 정수가 담겨 있는데, 문학적 성과나 대문호의 주제 의식을 이야기하기 이전에 우선 ‘읽는 재미’가 있는 소설이다. 300쪽을 훌쩍 뛰어넘는 분량임에도 읽는 이를 끌어당기는 인력이 새삼 놀라울 정도다. 당대 최고의 베스트셀러로 픽션을 넘어 팩트로 자리매김했던 나오미즘 신드롬의 저력이 이 ‘읽히는 힘’에 있음을 절감하게 한다. 

자유분방하며 자기 욕망에 충실한 신여성 나오미에게 빠져 자기 파괴적 행보를 보이는 주인공의 삶을 그린 『치인의 사랑』은 주와 객, 자기와 타자의 분리와 합일에 대한 근본적인 질문을 던진다. 옛 시절의 전통과 어른들의 선입견을 피해 구축한 두 사람만의 세계는 마냥 혁신적이거나 합리적이지 않다.",1,국내도서-소설/시/희곡
25,9788954675987,95538356,일인칭 단수,"13,050원",720원,무라카미 하루키 저/홍은주 역,문학동네,"『노르웨이의 숲』  『1Q84』 『기사단장 죽이기』 등의 작품으로 세대와 국경을 넘어 독보적인 존재감을 발휘하고 있는 세계적인 작가 무라카미 하루키가 『여자 없는 남자들』 이후 6년 만에 선보이는 소설집. 작가 특유의 미스터리한 세계관과 감성적인 필치, 일인칭 주인공 ‘나’의 시점으로 진행되는 작품이라는 공통점을 지닌 단편들을 모았다. 누군가의 삶을 스쳐가는 짧고 긴 만남을 그려낸 여덟 작품 속에서 유일무이의 하루키 월드를 구성하는 다채로운 요소들을 한데 만나볼 수 있다. ",1,국내도서-소설/시/희곡
26,9788954624558,14382398,빵가게 재습격,"15,120원",840원,무라카미 하루키 저/권남희 역,문학동네,"무라카미 하루키 초기 단편세계
작가의 개고, 미발표 작품을 수록한 결정판! 

『반딧불이』 『회전목마의 데드히트』 『빵가게 재습격』은 기존에 문학동네에서 출간한 하루키 초기 소설집의 개정판으로, 작가의 개고사항을 반영하고 미발표 단편들을 추가해 새롭게 선보이는 결정판이다. 전집 간행과 함께 단행본 내용을 작가가 수정한 판본을 번역의 저본으로 삼았으며, 개고 방향이나 단편을 쓰게 된 계기 등을 하루키 스스로 들려주는 「내 작품을 말한다」를 실어 작품의 이해를 한층 도왔다. 기발한 상상력과 섬세한 감성이 숨쉬는 하루키 초기 단편세계를 만날 수 있다.

『빵가게 재습격』는 1991년 고단샤에서 출간한 전집 『무라카미 하루키 전 작품 1979~1989 ⑧ 단편집 Ⅲ』을 저본으로 삼으면서 세 편이 추가되었고, 그중 「하이네켄 맥주 빈 깡통을 밟는 코끼리에 관한 단문」 「식인 고양이」는 국내 미발표작이다.",1,국내도서-소설/시/희곡
27,9788970127354,1947488,렉싱턴의 유령,"12,150원",670원,무라카미 하루키 저/임홍빈 역,문학사상,"하루키 원숙기에 쓰여진 단편문학의 정수, 『렉싱턴의 유령』 개정판. 영화로도 개봉되었던 '토니 다키타니'를 비롯하여 다채롭고 환상적인 일곱 편의 단편이 실려 있다. 

렉싱턴의 고저택에서 유령과 조우하게 된 어느 작가의 이야기 『렉싱턴의 유령』, 전업주부 앞에 뜬금없이 나타난 녹색 짐승의 비극적 사랑 고백『녹색의 짐승』, 학창 시절 급우들에게 따돌림 당한 남자가 전하는 무시무시한 독백 『침묵』, 얼음사나이와 결혼한 여자, 그 고독의 체험담 『얼음사나이』, 731벌의 옷만 남긴 채 죽은 부인의 자취를 찾는 남자 이?..",1,국내도서-소설/시/희곡
28,9788925588957,98797889,범인 없는 살인의 밤,"16,200원",900원,히가시노 게이고 저/윤성원 역,알에이치코리아(RHK),"살인으로 꼬인 실타래를 풀 수 있을까,
히가시노 게이고의 작가적 상상력이 집약된 소설집! 
청춘 미스터리에서 절절한 복수극까지
미스터리 거장의 색다른 심리 드라마

미스터리 거장은 단편마저 읽는 맛이 특별하다. 한국인이 사랑하는 소설가 목록에 매년 빠지지 않고 등장하는 히가시노 게이고, 그의 30년 전 작품을 새로 단장해 출간한다. 바로 『범인 없는 살인의 밤』이다. 이 책은 단편집이 전할 수 있는 모든 미덕을 갖췄다. 짤막한 작품 하나하나에 담긴 오락성, 긴박함, 슬픔, 처절함이 독자의 마음을 사로잡으며 모두를 순식간에 뒤통수 얼얼한 반전으로 이끈다. 히가시노 게이고의 오랜 팬들에게는 그의 명작을 새로 읽는 기회가 될 것이다. 이 책은 또한 속도감 있는 전개와 짤막한 글을 선호하는 최근의 독서 취향에도 꼭 맞는다.",1,국내도서-소설/시/희곡
29,9788932403694,4481546,이즈의 무희 · 천 마리 학 · 호수,"11,700원",650원,가와바타 야스나리 저/신인섭 역,을유문화사,"전통적인 주제로 보편적 인간의 고독을 그려낸 
가와바타 초기와 완숙기의 대표작들

인간의 고독을 일본적인 서정으로 그려내며 1968년 노벨문학상을 수상한 작가 가와바타 야스나리의 초기 대표적인 작품들을 만난다. 노벨문학상을 수상하면서 '일본인의 심성의 본질을 매우 섬세한 표현으로 탁월하게 그려냈다'는 평가를 받은 작가답게, 작품 속에 '일본적인' 차가운 서정과 고독을 수려하게 표현해내고 있다.",1,국내도서-소설/시/희곡
30,9791130658018,137101332,비 그친 오후의 헌책방 2,"15,750원",870원,야기사와 사토시 저/이소담 역,다산책방,"모든 독서가에겐 평생 잊을 수 없는 ‘그날 밤’이 있다
지금 전세계에서 가장 사랑받는 힐링소설 시리즈

세계 최대의 책방 거리로 꼽히는 도쿄 간다의 진보초 고서점 거리. 2024년 현재, 이곳으로 미국과 영국 등지로부터 건너온 서양인 관광객들이 쇄도하고 있다. 덕분에 진보초는, 출판 강국 일본의 서점들마저 독서 인구 감소로 타격을 입고 고군분투하는 와중에 홀로 선전하는 중이다. 일본어를 읽지도 못하는 외국인들이 기어코 책방 거리를 찾아오는 까닭은 무엇일까? 그것은 바로 어떤 소설 시리즈 때문이다. 이곳 진보초 거리를 배경으로 한 소설 『비 그친 오후의 헌책방』(영미권 제목: Days at the Morisaki Bookshop) 1, 2권이 해당 국가들에서 베스트셀러에 오르면서 일명 ‘성지순례’를 하려는 관광객들의 발길을 이끈 것이다. 국내에서도 올해 8월 출간 즉시 종합 베스트셀러 2위에 등극하며 소개된 이 시리즈의 두 번째 이야기가 찾아왔다.",1,국내도서-소설/시/희곡
31,9788925574370,139708103,처음으로,"17,820원",990원,"시마모토 리오,츠지무라 미즈키,미야베 미유키,모리 에토 저/김은모 역",알에이치코리아(RHK),"나오키상 수상 작가 4인과 화제의 아티스트 요아소비의 만남

데뷔 후 일찌감치 나오키상을 수상하며 평단과 독자에게 자신만의 문학 세계를 선보인 시마모토 리오, 츠지무라 미즈키, 미야베 미유키, 모리 에토. 일본 대중 소설 작가에게 주는 최고 권위의 상을 받은 이들 4인이 12월 내한공연을 앞둔 밴드 요아소비와 의기투합해 출간한 소설집(원제: 하지메테노はじめての)이 국내 독자들과 만날 준비를 마쳤다.",1,국내도서-소설/시/희곡
32,9791185014562,13946987,도쿄기담집,"11,700원",650원,무라카미 하루키 저/양윤옥 역,비채,"★출간 당일 일본 아마존 종합베스트 1위★
언제나 현재진행형의 작가 무라카미 하루키, 그 단편문학의 매혹! 

“나는 ‘구원받기 위해서는 어둠의 가장 깊은 바닥까지 홀로 내려가지 않으면 안 된다’는 것을 보여주고 싶다. 
그것이 게임의 규칙이기 때문이다.”_무라카미 하루키

아파트 24층과 26층 사이에서 홀연히 사라진 남편을 찾는 여자, 인생에서 만날 수 있는 세 명의 의미 있는 여자 가운데 한 명을 만남 남자, 문득 자신의 이름만이 기억나지 않는 여자… 평범한 등장인물들이 여느 날과 같은 일상에서 맞닥뜨린 트릿한 순간 혹은 빛과 온기가 결락된 틈에서 포착해낸 불가사의하면서도 기묘하고, 있을 것 같지 않은 이야기를 담은 소설집 《도쿄기담집》. 

〈우연 여행자〉〈하나레이 해변〉〈어디가 됐든 그것이 발견될 것 같은 장소에〉〈날마다 이동하는 콩팥 모양의 돌〉〈시나가와 원숭이〉 등 작가 특유의 스타일이 묻어나는 다섯 편의 이야기가 제목에서부터 이채를 발한다.",2,국내도서-소설/시/희곡
33,9788972758426,57238013,그대 눈동자에 건배,"15,120원",840원,히가시노 게이고 저/양윤옥 역,현대문학,"미스터리, SF 판타지, 블랙코미디, 심리 서스펜스, 휴먼드라마
유머와 페이소스, 짜릿함 넘치는 아홉 편의 이야기

이제 히가시노 게이고는 하나의 장르다!

지난 10년간 국내에서 가장 많은 사랑을 받은 소설, 전 세계 1000만 부 이상 판매고를 올린 베스트셀러 『나미야 잡화점의 기적』 작가 히가시노 게이고의 최신작 『그대 눈동자에 건배』가 현대문학에서 번역 출간되었다. 2011년부터 2016년까지 문예지 등에 발표한 아홉 편의 신작 단편을 모은 『그대 눈동자에 건배』는 올해 3월 말, 일본 현지에서 출간된 이후 “히가시노 게이고의 진수가 응축된 완벽한 소설집”이라는 찬사를 받으며 발행 6일 만에 도한(東販·일본 대형 서적 도매상) 집계 문예단행본 순위 1위에 올랐고, 작가의 최근작들 가운데 가장 높은 독자 평점을 기록하면서 차기 대표작으로 기대받고 있다.",1,국내도서-소설/시/희곡
34,9791192579566,118340544,#진상을 말씀드립니다,"13,950원",770원,유키 신이치로 저/권일영 역,시옷북스,"지금 일본에서 가장 핫한 미스터리 작가, 유키 신이치로의 첫 단편집!
일상 속에 숨은 은밀한 위화감을 당신은 꿰뚫어 볼 수 있는가?

한국 독자에게 처음 소개되는 유키 신이치로의 『#진상을 말씀드립니다』는 출간 직후 독자의 예상을 어김없이 배신하는 반전과 등줄기를 서늘하게 만드는 뒷맛으로 입소문이 삽시간에 퍼지면서 현재까지 20만 부 이상 판매를 기록, 2022년 가장 핫한 미스터리로 등극했다. 이 책은 미스터리로서는 이례적으로 2023 일본서점대상에 노미네이트되었고, 폭발적인 인기에 힘입어 최근 만화로도 제작되었다. 이 책에 실린 다섯 편의 단편 중 〈#퍼뜨려주세요〉는 제74회 일본추리작가협회상(단편 부문)을 수상하며 작품성과 흥행성을 모두 인정받았다.

『#진상을 말씀드립니다』의 가장 큰 매력은 우리가 살아가고 있는 ‘오늘’을 그리고 있다는 점이다.",2,국내도서-소설/시/희곡
35,9788932041162,117507267,오후의 예항/짐승들의 유희,"15,200원",320원,미시마 유키오 저/박영미 역,문학과지성사,"우리 세 사람 모두, 아주 친했어요. 
알아주시는 거죠?

문제적 작가 미시마 유키오
화려한 문장으로 엮어낸 탐미적인 세계

질투도 증오도 사랑의 갈등도 없는, 말하자면 그런 이야기가 될 만한 감정이 모두 퇴색된 곳에 남은 인간의 기묘한 편안함이 그려져 있다. - 사토 히데아키 (문학 평론가)

전후 일본 문학을 대표하는 작가 미시마 유키오의 소설 『오후의 예항/짐 승들의 유희』가 문학과지성사 대산세계문학총서 182번으로 출간되었다. 『오후의 예항/짐승들의 유희』는 미시마 유키오가 60년대 초반에 쓴 장편 소설 2편을 한 권으로 묶은 것으로, 더욱 성숙해진 미시마 유키오의 문 학 세계를 느낄 수 있는 작품이다. 

아버지가 돌아가신 후 양품점을 이어받아 운영하는 어머니 후사코와 함 께 사는 소년 노보루, 그 두 사람 앞에 이등항해사 류지가 등장하고 그는 곧 후사코와 가까워지게 된다.",1,국내도서-소설/시/희곡
36,9788991931510,3333930,마쓰모토 세이초 걸작 단편 컬렉션 (상),"12,600원",700원,마쓰모토 세이초 저/미야베 미유키 책임편집/이규원 역,북스피어,"사회파 미스터리의 효시, 일본문학의 거인 마쓰모토 세이초.
문단에서 ‘마쓰모토 세이초의 장녀’로 불리는 미야베 미유키가 거장의 작품들을 재구성했다.
거장의 출발점부터 종착점까지, 100년의 발자취를 더듬는 대작업!

결코 지울 수 없는 발자국을 남긴, 사회파 미스터리의 대가 마쓰모토 세이초가 남긴 1,000여 편의 작품 중 걸작만을 뽑아 기획한 작품집으로, 마쓰모토 세이초의 정수라고 몰 수 있는 작품집이다.",2,국내도서-소설/시/희곡
37,9788937429415,63331523,슌킨 이야기,"8,820원",490원,다니자키 준이치로 저/박연정 등역,민음사,"쏜살 문고 ‘다니자키 준이치로 선집’의 일곱 번째 권은 『슌킨 이야기』다. 발표 당시, 이 작품을 마주한 가와바타 야스나리는 “그저 탄식할 뿐, 더할 나위 없는 걸작”이라고 격찬을 아끼지 않았으며 문학가 마사무네 하쿠초 또한 “인간의 솜씨라고는 믿기지 않는 작품”이라 감탄하였다. 역시나 이 소설은 작가가 그동안 심혈을 기울여 천착해 온 일본 고전 미학의 정수를 구현한 작품이자 다니자키의 문학적 전회, 즉 일본 전통 문화에의 관심을 종합하는 대표작이다. 이야기의 구조 면에서도 액자식 구성을 취하고 있을 뿐 아니라, 행갈이와 문장 부호, 심지어 구두점마저 생략한, 이를테면 도발적일 만큼 대담한 문체 실험을 시도한 작품이다. 그럼에도 불구하고 다니자키 문학의 핵심 주제라 할 수 있는 여성 숭배, 마조히즘, 발 페티시즘은 초지일관 중요하게 다뤄진다.

『슌킨 이야기』(1933)는 소설의 화자가 모즈야 고토, 즉 ‘슌킨’이라 불리는 칠현금과 샤미센의 명인을 탐색하는 것으로 시작한다.",1,국내도서-소설/시/희곡
38,9788934910886,123021845,가을비 이야기,"15,120원",840원,기시 유스케 저/이선희 역,비채,"현대 호러의 일인자가 선사하는 새로운 이야기, 절망과 경악의 암흑기담집
“살아가면서 지옥에 떨어진다는 것, 가을비가 내리는 날에는 금지된 세계의 문이 열린다.”

현대 호러의 일인자이면서도 SF, 미스터리, 추리 등 장르를 구분하지 않고 모든 작품에 혼신의 힘을 다해 그려내는 기시 유스케. 공을 들이는 만큼 과작(寡作)으로 유명한 그가 오랜만에 신작을 들고 찾아왔다. 이번에 소개되는 《가을비 이야기》는 비가 내리는 가을의 스산한 날씨를 배경으로 벗어날 수 없는 운명에 농락당하고 고통받는 인간의 모습을 적나라하게 그려낸 작품으로, 언제나 걸작을 만들어내는 호러의 귀재 기시 유스케가 10년에 걸쳐 그려낸 새로운 시리즈의 첫 번째 이야기이다. 기이한 숙명을 짊어진 남자의 업보, 믿기지 않는 초자연 현상의 기록, 무명 가수가 남긴 노래에 숨겨진 비밀, 목숨을 건 게임의 결말 등 네 가지 기담이 궁극의 절망과 공포를 선사한다.",2,국내도서-소설/시/희곡
39,9788954624541,14382339,회전목마의 데드 히트,"12,600원",700원,무라카미 하루키 저/권남희 역,문학동네,"무라카미 하루키 초기 단편세계
작가의 개고, 미발표 작품을 수록한 결정판! 

『반딧불이』 『회전목마의 데드히트』 『빵가게 재습격』은 기존에 문학동네에서 출간한 하루키 초기 소설집의 개정판으로, 작가의 개고사항을 반영하고 미발표 단편들을 추가해 새롭게 선보이는 결정판이다. 전집 간행과 함께 단행본 내용을 작가가 수정한 판본을 번역의 저본으로 삼았으며, 개고 방향이나 단편을 쓰게 된 계기 등을 하루키 스스로 들려주는 「내 작품을 말한다」를 실어 작품의 이해를 한층 도왔다. 기발한 상상력과 섬세한 감성이 숨쉬는 하루키 초기 단편세계를 만날 수 있다.

『회전목마의 데드히트』는 1991년 고단샤에서 출간한 전집 『무라카미 하루키 전 작품 1979~1989 ⑤ 단편집 Ⅱ』를 저본으로 삼았다. 소설가이자 화자인 하루키가 소설 속 인물들에게서 직접 들은 이야기를 글로 옮기는, 이른바 ‘듣고 쓰기’ 형식으로 구성되었다.",1,국내도서-소설/시/희곡
40,9788937429439,63331545,미친 노인의 일기,"9,720원",540원,다니자키 준이치로 저/김효순 역,민음사,"쏜살 문고 ‘다니자키 준이치로 선집’의 아홉 번째 권은 『미친 노인의 일기』다. 앞선 『열쇠』에서 단초를 드러내기 시작한 노화와 죽음의 문제를 성욕과 아울러 탐구한, 즉 에로스와 타나토스를 진지하게 고민한 만년의 걸작이다. 사실상 다니자키 준이치로의 마지막 작품이라 할 수 있으며, 전작 『열쇠』와 마찬가지로 일기체 형식을 고수하되 화자를 한 사람으로 압축하여 보다 내밀하고 훨씬 주관적인 내면 풍경을 그려 냈다. 이 작품으로 다니자키는 ‘마이니치 예술 대상’을 수상하였고, 최후의 순간까지 최정상의 작가로 군림하며 저력을 과시하였다. 

『미친 노인의 일기』(1962)는 노환으로 하루도 편히 지내지 못하는 77세의 노인이 가부키 공연을 관람하는 것으로 시작한다. 그는 상당한 재력가이지만 부부 관계는 좋지 못하며, 자식들과도 별로 살가운 사이가 아니다. 그러나 아들의 아내, 즉 며느리 사쓰코만큼은 소중히 아낀다.",2,국내도서-소설/시/희곡
41,9791166891274,116446291,미야자와 겐지 걸작선,"12,420원",690원,미야자와 겐지 저/이선희 역,바다출판사,"우주의 마음으로 인간과 세상을 바라보는
어른들의 동화작가 미야자와 겐지의 깊고 푸른 눈
환상과 희망의 세계로 초대하는 14편의 이야기

일본의 대표적 환상동화 작가, 미야자와 겐지의 작품 14편을 엄선했다. 미야자와 겐지가 살던 시대는 제2차 세계대전과 만주사변 같은 침략전쟁이 발발하던 시기였기에 생명존중과 공생共生의 세계관을 담아낸 그의 작품들은 일본 주류 문학계에서 철저히 외면당했다. 그러나 그가 1933년에 타계한 이후 약 90년이 지나면서 ‘겐지 붐’이라고 일컬어질 정도로 일본과 전 세계에는 열광적인 독자군이 형성되었다.

또한 그의 작품은 후대의 문화, 예술인들에게도 큰 영향을 끼쳤는데 [은하철도 999]를 만든 일본만화의 거장 마츠모토 레이지부터 지브리의 미야자키 하야오, 그리고 현대 일본의 환상문학과 일본문학 작가들의 대부분이 겐지의 영향을 받았을 정도이다. [아사히신문]은 미야자와 겐지를 ‘지난 1천 년간 일본 최고의 문인 10인’으로 선정하기도 했다.",1,국내도서-소설/시/희곡
42,9791186323588,123687637,호로요이의 시간,"11,700원",650원,오리가미 교야 등저/권남희 역,징검돌,"“일본 아마존 1위, 연쇄 의문사 사건 실화 소설” 『버터』 유즈키 아사코,
“일본 호러소설 대상 독자상” 『기억술사』 오리가미 교야,
“지친 하루를 위로하는 맛있는 한 끼, 시원한 한 잔” 『낮술』 하라다 히카,
“마라톤 주자들의 생동감 넘치는 이야기” 『달리기의 맛』 누카가 미오,
그리고 국내에 처음 소개되는 사카이 기쿠코.

일본 여성작가 5인이 담금주부터 사케, 칵테일, 위스키까지
술을 소재로 그 종류만큼 다채롭고,
해가 갈수록 깊어지는 인생,
특히 여성들의 삶을 그려낸 단편집.

『기억술사』에서 잊고 싶은 기억을 지워주는 도시전설 속 괴인을 그린 오리가미 교야, 〈그에게는 쇼콜라와 비밀의 향이 풍긴다〉에서는 이모 도와코가 처음이자 마지막으로 속마음을 드러냈던 달콤쌉싸름한 30년 전 비밀을 품은 위스키 봉봉을 가지고 그 기억의 진실을 찾아가는 조카 히나키의 이야기를 그린다.",1,국내도서-소설/시/희곡
43,9791136216182,83558988,교통경찰의 밤,"12,420원",690원,히가시노 게이고 저/양윤옥 역,하빌리스,"히가시노 게이고의 초기 단편을 엮은 『교통경찰의 밤』은 지금 읽어도 전혀 위화감이 들지 않을 정도로 참신한 소재와 경쾌한 문체로 쓰여 있다. 히가시노 게이고는 교통 법규 위반이라는 일상적인 범죄에 그만이 낼 수 있는 독특한 상상력을 녹여 내어 시대를 초월해 공감을 불러일으키는 시리즈로 탄생시켰다.

‘교통경찰’이라는 소재를 중심에 두고 각 작품들이 반전 매력 가득한 엔딩을 맞는 『교통경찰의 밤』은 히가시노 게이고 필력의 진수를 엿볼 수 있는 단편집이다. 더불어 작품 속에 녹아든 히가시노 게이고 특유의 치밀한 트릭은 왜 그가 독자들의 사랑을 받을 수밖에 없는지 고개를 끄덕이게 만든다.",1,국내도서-소설/시/희곡
44,9788901060019,2152957,야시,"13,500원",750원,쓰네카와 고타로 저/이규원 역,노블마인,"어린 시절, 누구나 길을 잃어 헤매본 기억이 있을 것이다. 내가 속한 세계와는 다른, 알 수 없는 어딘가를 걷고 있다는 낯설고 두려운 기억. 나의 세계, 나의 집으로 영영 돌아가지 못할지도 모른다는 공포. 이 소설은 바로 그러한 우리 어린 시절의 기억에서 출발한다.
",1,국내도서-소설/시/희곡
45,9788925579306,104643302,수상한 사람들,"16,200원",900원,히가시노 게이고 저/윤성원 역,알에이치코리아(RHK),"“히가시노 게이고식 인과응보 미스터리의 기점” 
이 책을 덮는 순간 인간에 대한 공포가 밀려온다! 
누계 판매 1500만 부, 미스터리 거장의 초기 단편작

출간되는 작품마다 베스트셀러에 올리며 미스터리 마니아들을 사로잡은 작가 히가시노 게이고. 독자들은 왜 그의 작품에 이토록 열광하는 것일까? 『범인 없는 살인의 밤』에 이은 걸작, 『수상한 사람들』을 읽고 나면 그 수수께끼를 해결할 수 있다. 군더더기 없는 그의 초기 명작 단편집이 현대적 감각의 표지로 새롭게 돌아왔다.

우연한 계기로 직장 동료들에게 하룻밤씩 아파트를 빌려주게 된 나는 여느 때처럼 아침에 집에 들어간다. 그러자 그곳엔 낯선 여성이 취한 채 침대에서 자고 있다. 출근은 해야 하는데 그 여성은 자신과 밤을 보낸 상대를 함께 찾아줘야 순순히 집에 돌아가겠다고 한다.",1,국내도서-소설/시/희곡
46,9791138485654,142278606,히가시노 게이고의 무한도전,"15,120원",840원,히가시노 게이고 저/양윤옥 역,소미미디어,"『연애의 행방』, 『눈보라 체이스』는 여기서부터 시작되었다!
‘설산 시리즈’ 미공개 단편 소설 3편 수록!

이 『히가시노게이고의 무한도전』은 2002년~2004년 실업지일본사(?業之日本社)의 《월간제이노블》, 그리고 《SPORTS Yeah!》에서 연재된 글을 엮은 것이다. 히가시노게이고는 자타공인 스노보드 마니아로, 스노보드를 소재로한 『연애의 행방』, 『눈보라 체이스』 등 ‘설산 시리즈’를 연달아 써내기도 했다.이 설산 시리즈는 바로 불혹에 우연찮게 시작하게 된 ‘스노보드’라는
취미덕분에 세상에 나올 수 있었던 것이다. 이 『히가시노게이고의 무한도전』 에서는 ‘설산 시리즈’ 의 시초라고 할 수 있을만한 단편소설 3편이 수록되어있다. 짧지만 특유의 반전이 녹아 들어 있어 ‘역시 히가시노 게이고’라고 감탄할 만하다.",1,국내도서-에세이
47,9791192667805,142966635,벽,"18,000원","1,000원",아베 코보 저/이정희 역,마르코폴로,"아베 코보의 출세작을 새롭게 복간하다.
25년 전에 소량 출판되어 희귀본이 된 책!
제25회 아쿠타가와상 수상작품집‘벽’

“사막에는 혹은 사막적인 것에는 언제나 뭐랄까 말할 수 없는 매력을 느낀다. 일본에 없는 것에 대한 동경이라고도 할 수 있지만, 난 반(半) 사막적인 만주에서 유?소년기의 대부분을 보냈다. 지금에 와선 향수라고 설명해 버릴 수도 있지만, 난 그 절반은 사막적인 풍토에서조차도 더욱 사막을 동경했던 것으로 기억한다. 하늘이 암갈색으로 물들고 숨이 막힐 것 같은 황사가 부는 날, 건조해진 눈꺼풀을 닦아도 닦아도 완전히 닦아 낼 수 없는 모래가 들어가곤 했는데, 그 초조한 기분 뒤에는 불쾌감뿐만 아니라 동시에 언제나 일종의 들뜬 기대가 담겨져 있던 것으로 기억된다.”

이것이 아베 코보의 모든 작품을 관철하고 있는 창작 모티프로서 『모래의 여자』 같은 작품에서도 쉽게 찾아볼 수 있다.",1,국내도서-소설/시/희곡
48,9791168342859,146265647,도쿄 하이드어웨이,"15,750원",870원,후루우치 가즈에 저/민경욱 역,인플루엔셜,"“이 삭막한 도시에도 마음 쉴 곳이 있구나”
사막 같은 대도시에서 나만의 은신처를 찾는 사람들의 이야기

* 《어서 오세요, 휴남동 서점입니다》 황보름 작가 추천
* 2024 독서미터 ‘읽고 싶은 책’ 1위

“지금 지쳤나요?” 복잡하고 때로 가혹한 도시 속 삶, 잠시나마 쉬어 갈 나만의 ‘은신처’는 어디에 있을까?

2010년 데뷔 이래 장르와 독자층을 넘나들며 일상의 온기를 담은 섬세하고 따뜻한 작품을 꾸준히 선보여온 후루우치 가즈에 작가가 이번에는 도쿄의 빌딩숲 한가운데로 독자들을 초대한다. 《도쿄 하이드어웨이》는 도쿄의 IT 기업 ‘파라다이스 게이트웨이’를 둘러싸고 연결된 사람들이 각자 자기만의 은신처(Hideaway)를 찾아나가는 과정을 그린 소설이다.",1,국내도서-소설/시/희곡
49,9788954680394,102604296,요네자와 호노부와 고전부,"14,220원",790원,요네자와 호노부 등저/김선영 역,엘릭시르,"작가와 함께 20년을 걸어온 고전부,
그 깊고도 넓은 세계를 망라한 단 한 권의 가이드북!

『야경』, 『왕과 서커스』로 사상 최초 일본 연말 랭킹 연속 3관왕을 달성하는 것은 물론, 발표하는 작품마다 좋은 반응을 거두며 이제는 명실공히 일본의 대표 작가로서 우뚝 선 요네자와 호노부의 작품 세계 원점에는 [고전부] 시리즈가 자리 잡고 있다. [고전부] 시리즈는 에너지 절약주의자이자 모든 이야기의 탐정 역에 해당하는 화자 '오레키 호타로'와 호기심에 가득 찬 눈으로 “저, 신경 쓰여요”가 입버릇인 '지탄다 에루', 다방면에 관심이 많은 데이터베이스 '후쿠베 사토시', 신랄한 말투가 돋보이는 아마추어 만화가 '이바라 마야카', 총 네 명의 멤버들이 이끌고 있는 고등학교 특별 활동 동아리 고전부를 중심으로 펼쳐지는 다양한 사건을 그리는 작품이다. 

『요네자와 호노부와 고전부』는 [고전부] 시리즈의 모든 것을 담은 고전부 무크지이다.",1,국내도서-소설/시/희곡
50,9788952775498,23991489,에도가와 란포 결정판 1,"19,800원","1,100원",에도가와 란포 저/권일영 역,검은숲,"국내 최초 소개되는 장편소설 《거미남》
작가, 평론가, 독자 모두 손꼽는 대표 단편소설 3선

《에도가와 란포 결정판》 1권에는 총 4편의 작품이 수록되어 있다. 국내 최초로 번역 출간되는 《거미남》과 란포의 대표 걸작으로 이견이 없는 『오시에과 여행하는 남자』, 『애벌레』, 『천장 위의 산책자』가 그것이다. 《거미남》은 란포가 일반 대중을 대상으로 연재한 첫 번째 장편소설로, 활극적 통속소설의 대표작으로 꼽힌다. 탐정소설의 인기가 한풀 꺾였던 당시, 란포는 ‘남녀노소 두루 즐길 수 있는 소설’을 지향하는 잡지 《고단쿠라부》에 《거미남》을 연재하기 시작했는데, 란포 스스로의 우려와는 달리 반응은 폭발적이었다. 대중 독자를 염두에 두고 쓴 작품이지만 란포 특유의 그로테스크함과 에로티시즘은 잃지 않았으며, 특히 당시로서는 충격적이었던 범인 설정으로 인해 현대의 쾌락형 사이코패스나 시리얼킬러의 선구적 작품으로 평가받고 있다.",1,국내도서-소설/시/희곡
51,9788954624527,12616247,중국행 슬로보트,"12,600원",700원,무라카미 하루키 저/양윤옥 역,문학동네,"하루키 문학의 경이는 어떻게 시작되었는가
그 시원을 보여주는 첫 소설집

하나같이 기묘한 모습으로 남아 있는 기억 속 세 중국인,
아무도 모르는 사이 등에 달라붙은 가난한 아주머니,
십 년째 태풍이 닥칠 때마다 동물원에 가는 남자……
홀연히 허공으로 사라진 순간들,
어디로도 갈 수 있고 어디로도 갈 수 없는 존재들의 세계!

발표하는 작품마다 전 세계 독자들의 압도적인 지지를 받는 무라카미 하루키. 그의 신작 소설집 『여자 없는 남자들』이 일본에서 공개되는 2014년 4월 18일, 국내에서는 첫 소설집 『중국행 슬로보트』가 새롭게 선보인다. 표제작 「중국행 슬로보트」를 포함해, 불가사의한 세계와 그곳을 헤매는 존재의 고독을 예민한 감성으로 포착한 일곱 편의 단편이 수록된 이번 소설집은 1990년 고단샤에서 출간한 전집 『무라카미 하루키 전 작품 1979~1989 ③ 단편집 I』을 번역의 저본으로 삼았다.",1,국내도서-소설/시/희곡
52,9788937427268,114680782,개 신랑 들이기,"11,700원",650원,다와다 요코 저/유라주 역,민음사,"일본어와 독일어로 글을 쓰는 이중 언어 작가이자, 기존의 디아스포라 문학과 세계 문학의 범주를 넘어서 초문화적이고 혼종적인 문학 세계를 보여 주며 ‘번역 행위’를 창작의 화두로 삼아 문화적 소통의 의미와 가능성을 탐구해 온 다와다 요코는 그동안 일본과 독일 및 세계의 주요 문학상을 석권하는 데 그치지 않고, 최근 노벨 문학상 후보로 꾸준히 언급되고 있다. 이번에 민음사에서 소개하는 다와다 요코의 『개 신랑 들이기』는 일본 최고의 문학상인 아쿠타가와상 수상작이자, 작가의 문학적 원류를 들여다볼 수 있는 두 작품(「개 신랑 들이기」와 「페르소나」)이 수록된 매우 중요한 소설집이다.",1,국내도서-소설/시/희곡
53,9788961844451,43531815,문신,"11,700원",650원,다니자키 준이치로 저/경찬수 역,어문학사,"일본의 근대문학을 대표하는 
다니자키 준이치로의 단편 모음집 

4회 연속 노벨문학상 후보에 오르고, 일본인 최초로 미국예술원 명예회원으로 선출되는 등 일본 근대문학사에서 독보적인 위치를 점유하고 있는 작가, 다니자키 준이치로의 단편선이다.

이 책에는 일본 근대문학을 대표하며 탐미주의 작가로 알려져 있는 다니자키 준이치로의 단편 중 7편이 실려 있다. 다니자키의 소설을 말할 때 대표적인 탐미주의, 페티시즘, 관능주의, 에로티시즘, 등의 성향이 잘 드러난 단편으로 구성됐다. 관능적이고 탐미주의적인 그의 대표작 ‘문신’을 비롯해, 도쿄 주변 지역을 섬세하게 묘사하며 페티시즘을 표현한 ‘비밀’도 담겨 있다.

이외에도 오이디푸스 콤플렉스의 전형을 잘 나타낸 ‘그리운 어머니’, 마조히즘을 다룬 ‘소년’, 등 좀처럼 볼 수 없던 그의 작품 중에서도 엄선된 단편들을 접할 수 있다.",1,국내도서-소설/시/희곡
54,9788954694407,120793554,추상오단장,"15,120원",840원,요네자와 호노부 저/최고은 역,엘릭시르,"제63회 일본 추리작가협회상 후보작
제10회 본격 미스터리 대상 후보작

다섯 편의 리들 스토리가 가리키는 단 하나의 진실
요네자와 호노부가 펼쳐내는 어른의 미스터리!

고서점에서 아르바이트를 하던 요시미쓰는 갑자기 찾아온 손님으로부터 돌아가신 아버지가 쓴 단편소설을 찾아달라는 의뢰를 받게 된다. 보수에 이끌려 의뢰를 수락한 요시미쓰는 소설을 찾는 과정에서 그들이 과거에 벌어졌던 어떤 사건과 관련이 있다는 사실을 알아챈다. 그리고 곧 소설에 담긴 의미를 깨닫는데…….

나오키상 수상 작가 요네자와 호노부의 『추상오단장』이 출간되었다. 이 작품은 몇 안 되는 단서를 토대로 의뢰인의 죽은 아버지가 쓴 소설을 찾는 모습을 그리고 있는 이 작품은 드물게도, 결말이 숨겨진 리들 스토리(riddle story)라는 단편소설을 이용한 미스터리이다.",1,국내도서-소설/시/희곡
55,9788970129037,13156741,이상한 도서관,"12,420원",690원,무라카미 하루키 저/양윤옥 역,문학사상,"소설x아트
하루키만의 매력이 묻어나는 마법 같은 소설!

《잠》 《빵가게를 습격하다》에 이은 세 번째 아트북 《이상한 도서관》이 문학사상에서 출간되었다. 이 책 역시 무라카미 하루키의 글과 독일의 일러스트레이터 카트 멘쉬크의 일러스트가 더해진 새로운 개념의 소설책이다.

《이상한 도서관》은 1983년 일본에서 출간된 《캥거루 일화》라는 소설집에 묶였던 단편 〈도서관 기담〉을 하루키가 20여 년 만에 제목을 고치고 내용을 손봐 새롭게 재탄생시킨 것. 

마치 어른을 위한 동화 같은 이 단편에 카트 멘쉬크의 감각적인 일러스트가 더해져 글과 그림을 함께 감상하는 또 다른 즐거움을 독자들에게 선사할 것이다. 특히 하루키의 초기 작품에서나 볼 수 있었던 ‘양 사나이’가 등장해 그동안 양 사나이를 그리워하던 하루키 팬들의 갈증을 풀어줄 뿐만 아니라 양 사나이를 처음 만나는 독자들에게도 신선한 즐거움으로 다가갈 것이다.",1,국내도서-소설/시/희곡
56,9788937429354,63331476,소년,"8,820원",490원,다니자키 준이치로 저/박연정 등역,민음사,"쏜살 문고 ‘다니자키 준이치로 선집’의 첫 권 『소년』에는 육십여 년에 이르는 문학 경력 내내 작가가 끊임없이 탐구하고 선보여 온 주요 모티프, 즉 여성 숭배와 페티시즘, 탐미주의의 맹아가 오롯이 담겨 있는 데뷔작 「문신」을 필두로, 잔혹 동화를 방불하게 하는 도발적인 일화가 적나라한 문체로 그려진 표제작 「소년」, 다니자키 문학 세계에서는 다소 이색적이라 할 수 있는 사회 풍자적 블랙 유머 「작은 왕국」에 이르기까지 초기 대표작들이 수록되어 있다.

‘사소설’ 열풍 속에 잠겨 있던 일본 메이지 문학계에 커다란 파문을 일으키며, 평단과 문단을 발칵 뒤집어 놓은 문제작 「문신」(1909)은 다니자키 준이치로가 한평생 관심을 가져온 모든 주제 의식이 집약되어 있는 작품이다. 작품 초두에 나오는 “아름다운 이는 모두 강자였고 추한 이는 모두 약자였다.",1,국내도서-소설/시/희곡
57,9788925561523,40969148,바다가 보이는 이발소,"11,700원",650원,오기와라 히로시 저/김난주 역,알에이치코리아(RHK),"제155회 나오키상 수상작
요네자와 호노부, 미나토 가나에를 압도한 화제의 소설

“쉽지 않은 인생에도 밝은 빛이 있다”
온화한 미소로 삶을 노래하는 일본 국민작가의 결정적 신작

가슴 먹먹한 감성과 절묘한 유머로 삶을 이야기하는 작가. 오기와라 히로시는 인간미 넘치는 드라마부터 감각적인 미스터리, 서스펜스에 이르는 다양한 작품으로 문학상들을 제패하며 문학성을 인정받았다. 뿐만 아니라 트렌디하면서도 마음을 움직이는 독특한 소재로 다수의 작품이 영화와 드라마로 만들어져 대중의 사랑을 받았다. 오기와라 히로시는 이처럼 뛰어난 작품성과 독자를 매혹하는 이야기로 일본 독자들이 가장 신뢰하는 국민작가로 자리 잡았다. 이에 보답하듯 작가 데뷔 20주년을 맞은 2016년 『바다가 보이는 이발소』로 제155회 나오키상을 수상했다. 삶의 애환과 따뜻한 유머가 공존하는 오기와라 히로시의 세계가 집대성된 결정적인 작품이라는 호평이다.",1,국내도서-소설/시/희곡
58,9788997170470,72226343,미야자와 겐지 단편선,"12,600원",700원,"미야자와 겐지 저/김미숙,이은숙 공역",하다,"항상 어떻게 하면 다른 사람들이 즐거워할까 고민했던 미야자와 겐지. 그는 재밌는 이야기로 주위 사람들에게 웃음을 선사했다. 자신의 이야기를 통해 세상이 행복해지는 데에 도움을 주고자 했던 미야자와 겐지의 작품을 만나보자.

[은하철도 999]의 모티브가 된 「은하철도의 밤」는 주인공 조반니과 그의 친구 캄파넬라가 우주를 달리는 열차에 타 여행을 하는 이야기다. 여행 중 둘은 다양한 사람들을 만나고 그들의 외로움과 마주한다. 세상 모두의 행복을 위해서라면 자신의 몸을 백번이라도 불태울 수 있다는 주인공의 깨달음은 작가인 미야자와 겐지 자신이 평생 몸부림치며 지켜내려 했던 희생의 삶이란 가치와 닮아 있다. 

바람이 부는 가을 아침, 시골 학교에 한 붉은 머리의 소년이 전학을 왔다. 학교 아이들은 그 신비한 전학생을 두고 바람신과 연관시켜 마타사부로라 불렀다. 「바람의 아들, 마타사부로」의 시작 부분이다.",2,국내도서-소설/시/희곡
59,9791169092203,126332710,나쓰메 소세키 기담집,"16,200원",900원,나쓰메 소세키 저/히가시 마사오 편/김소운 역,글항아리,"“나는 예전부터 요괴를 만날 자격이 있다고 생각했다.”
일본의 대문호 나쓰메 소세키가 그려내는 예언과 경고, 비밀의 세계.

기담의 사전적 정의는 ‘이상야릇하고 재밌는 이야기’다. ‘이상야릇’하다는 것은 무엇일까. 우리는 뭔가 평범치 않고 묘한 것, 또 낯설거나 독특한 일들을 볼 때 ‘이상야릇하다’고 표현한다. 이러한 관점에서 볼 때 『나쓰메 소세키 기담집』의 열세 가지 이야기는 ‘기담’의 정의와 제대로 맞물린다. 

이 책을 엮은 히가시 마사오는 일본의 장르문학 편집자이자 작가로서, 일본의 많은 대문호가 ‘괴기환상문학’에 관심이 깊었다고 증언했다. 히가시 마사오의 말에 따르면 나쓰메 소세키는 “근대 일본을 대표하는 대문호인 동시에 ‘잘 알려지지 않은 괴기환상문학 작가’ 중 한 사람”이었으며 스스로 ‘요괴와 만날 자격이 있다’고 생각했다고 한다.",2,국내도서-소설/시/희곡
60,9791168123205,110521731,어떤 은수를,"13,050원",720원,히로시마 레이코 글/하시 가쓰카메 그림/이소담 역,위즈덤하우스,"일본 대표 판타지 작가 히로시마 레이코의섬뜩하지만 매력적인 판타지가 펼쳐진다!
인간의 욕망에 관한 기묘한 세 가지 이야기

『이상한 과자 가게 전천당』 『십 년 가게』 등 판타지로 한국과 일본의 아이들의 마음을 사로잡은 히로시마 레이코의 소설집 『어떤 은수를』이 위즈덤하우스 청소년 문학 ‘텍스트 T’의 세 번째 권으로 출간되었다. 일본 주니어 모험 소설 대상, 아동 문학 판타지 대상 장려상을 수상할 만큼 어린이 판타지 문학에 독보적인 색깔과 매력을 보여 준 작가는 이번 작품에서는 청소년 독자에서 성인 독자까지 아우르는 인간의 욕망에 관한 강렬하고도 기묘한 판타지 세계를 선보인다.",2,국내도서-청소년
61,9788974784416,102592668,역사 속에서 걸어 나온 사람들,"12,600원",700원,나카지마 아츠시 저/명진숙 역/신영복 감수/이철수 그림,다섯수레,"인간 이해와 역사 인식을 더해 주는 일본 현대 문학의 백미 
“인간은 역사 속에서 걸어나오고역사속으로 걸어 들어간다.” -故 신영복

나카지마아쓰시의 『역사 속에서 걸어 나온 사람들』은 다섯수레 출판사를 통해 1993년 7월 국내 처음 소개되었다. 일본 현대 문학의 백미로 손꼽히는 그의 작품집은 이철수 화백의 그림과 故신영복 교수의 감수가 더해져 국내 독자들에게도 꾸준히 사랑을 받아왔다. 이 책은 2004년 첫 개정판 이후 두 번째 개정판이다. 

서른세 살의 젊은 나이로 요절한 천재작가 나카지마아쓰시(中島敦)의 중단편소설 모음집. 일본 군국주의에 절망하는 지식인의 고뇌를 중국 고전 인물에 빗대어 그린 『산월기』, 『명인전』, 『제자』, 『이능』를 수록하고 있다. 작품 속 인물들은 절망의 심연으로부터 걸어 나와 사람들과의 관계속으로, 다시 사회와 역사속으로 걸어 들어가는 ‘행동하는 인간상’을 보여준다. ",2,국내도서-소설/시/희곡
62,9791189243029,62605107,미야자와 겐지 전집 1,"15,300원",850원,미야자와 겐지 저/박정임 역,너머,"미야자와 겐지의 작품이 주는 신비함은 모든 생물과 무생물을 아우르는 자연과의 교감에 있다. 자연과의 무한한 교감과 애정 어린 시선이 만들어 낸 미야자와 겐지의 이상한 동화는 그래서 따뜻하고 유쾌하다. 하지만 겐지의 작품은 때로는 서글프다. 인간과 자연은 숙적이 될 수밖에 없는 숙명에 놓이고 그런 숙명에 놓인 인간의 삶도 절대 녹록하지 않기 때문이다. 상대적으로 부유한 가정에서 나고 자란 미야자와 겐지는 자연환경과 사회모순에 고통받는 당시 ‘농민’으로부터 거부당한 시점을 계기로, 단절된 계급과 계층의 모순을 반영한 세계관을 작품 곳곳에 드러내고 있다. 예컨대 그의 작품에 등장하는 수많은 동물과 식물, 별 등 다채로운 자연은 단지 인간의 곁다리로서 존재하는 것이 아니다. 인간과 함께 호흡하거나, 때로는 오히려 인간을 자신들의 손바닥 위에서 다루기도 하는 등 인간중심주의 세계관에서 벗어난 ‘탈중심주의’에 있다.",2,국내도서-소설/시/희곡
63,9791190156363,111744904,일본 탐미주의 단편소설선집,"11,700원",650원,무로우 사이세이 등저/박현석 역,현인,"예술은 무엇을 위해서 존재하는가? 
미에 대한 추구로 그 답을 찾으려한 작가들의 작품집. 

어느 시대에나 사람들은 미를 추구하고 몰두했으며, 거기에 마음을 빼앗겼다. 그런 인간의 본능과도 같은 성향을 묘사한 일본의 중단편 소설을 모아 소개한 책.",1,국내도서-소설/시/희곡
64,9791199138902,142998629,아케치 : D언덕 살인사건,"15,120원",840원,에도가와 란포 저,프리디우스,"〈명탐정 코난〉, 〈페르소나〉 시리즈가 오마주한
에도가와 란포 X 아케치 코고로 추리 활극의 서막!

""에도가와 란포는 일본 추리소설의 기준을 세웠다."" - 히가시노 게이고
일본 추리문학의 거장 '에도가와 란포'가 빚은 명탐정 '아케치 코고로'의 시작을 알린 7권의 단편을 한 권에 담았다. 에도가와 란포는 에드거 앨런 포에 대한 경의를 담아 펜네임을 지은 일본 추리소설의 개척자로, 그가 창조한 아케치 코고로는 인간 심리를 통찰해 사건을 해결하여 ‘일본의 셜록홈즈’라 불린다. 란포는 아케치를 통해 단순한 추리를 넘어 인간 본성의 어두운 면을 파고드는 심리 스릴러의 새로운 장을 열었다.

『아케치 : D언덕 살인사건』은 탐정의 20대 시절의 활약상을 모은 것으로, 란포의 대표작 중 하나인 'D언덕 살인사건'을 비롯해 '심리검사', '흑수조', '일촌법사', '누군가', '다락방의 산책자', '유령' 등 총 7편이 수록되었다.",1,국내도서-소설/시/희곡
65,9788931023725,132974351,기러기,"10,800원",600원,모리 오가이 저/김영식 역,문예출판사,"나쓰메 소세키와 쌍벽을 이루는 일본 근대문학의 거장!
중산 지식 계급의 지적 우상이자 이상적 미학의 창조자
모리 오가이 문학의 진수를 담은 중단편선

모리 오가이는 한학과 서양 문화를 융합한 독자적인 작품을 쓴 작가로, 그의 문체는 늘 절제되고 정확하고 명징하며 지적인 향기를 풍기는 남성적 문체의 전형으로 평가받는다. 미시마 유키오와 히라노 게이치로 등 지성적 작가들에게 우상으로 추앙받으며 후대 작가에게 지대한 영향을 끼쳤다. 이 책에 실린 네 편의 중단편은 모리 오가이의 작품 중에서도 대표작으로 손꼽힌다. 〈기러기〉는 사채업자의 첩이 젊은 의대생을 사랑하며 겪는 내면의 변화와 각성을 묘파했으며 특히 여주인공의 성적 심리 묘사가 가히 압도적이다. 〈다케세부네〉와 〈산쇼 대부〉 는 각각 한 범죄자와 남매의 기구한 사연에 시대적 전환기의 혼란과 인간상을 담아냈다.",1,국내도서-소설/시/희곡
66,9788973819225,2783365,차가운 밤에,"8,100원",450원,에쿠니 가오리 저/김난주 역,소담출판사,"『냉정과 열정 사이』, 『반짝반짝 빛나는』 등으로 일상과 비일상의 조화가 매력적인 작품 세계를 선보여온 에쿠니 가오리가, 한겨울에 만난 봄바람처럼 따뜻하고 몽환적인 『차가운 밤에』의 공간으로 독자들을 초대한다. 에쿠니 가오리 특유의 동화적 상상력과 유연하고 절제된 묘사, 삶과 죽음에 대한 따뜻하고 긍정적인 시선이 돋보이는 이번 단편집에는 『차가운 밤에』와 『따스한 접시』라는 서로 다른 개성을 지닌 두 파트에 총 21개의 단편이 실려 있다.",1,국내도서-소설/시/희곡
67,9791199146617,144406176,소년과 링 아저씨,"15,120원",840원,타지리 저/강경민 역,언제나봄,"소년과 링을 만드는 아저씨, 두 사람의 만남을 그린 표제작 『소년과 링 아저씨』를 시작으로 『추남』, 『알파걸』, 『조금도 만족스럽지 않아요』, 『나란 말이다』, 『꿈의 행방』 총 6편의 단편과 에필로그로 구성된 연작 소설입니다.",1,국내도서-소설/시/희곡
68,9788955612349,65849721,오천 번의 생사,"10,800원",600원,미야모토 테루 저/송태욱 역,바다출판사,"아버지가 돌아가시고 빚 독촉에 시달리던 ‘나’는 결국 친구가 거금을 주고 사겠다고 한 아버지의 유품을 팔기로 하고 친구를 찾아간다. 하지만 친구는 만나지 못하고, 추운 겨울 돈 한 푼 없이 먼 길을 걸어 돌아가야 하는 처지에 놓인다. 아득한 길을 무작정 걷던 ‘나’는 ‘하루에도 오천 번씩 죽고 싶어지기도 살고 싶어지기도 하는’ 남자를 만난다. 표제작 「오천 번의 생사」를 비롯하여 매일 밤 정성스레 눈썹을 그리는 아픈 어머니와 그 모습을 바라보는 아들의 마음을 담은 「눈썹 그리는 먹」, 가장이 되어 삶에 시달리던 중 문득 자신의 어린 시절 기억을 떠올리는 「힘」과 시한부 선고를 받은 친구를 차마 마주하지 못하고 여행지에서 그와의 추억을 되돌아보는 「쿤밍·원통사 거리」 등 미야모토 테루의 단편 아홉 편을 담았다.",2,국내도서-소설/시/희곡
69,9788960171930,3337930,6시간 후 너는 죽는다,"13,500원",750원,다카노 가즈아키 저/김수영 역,황금가지,"에도가와 란포 상 초유의 히트작 『13계단』의 작가, 다카노 가즈아키
초능력을 소재로 정교한 미스터리를 결합한 신감각 추리 단편집

기존 추리 서스펜스의 진행 속에 ‘초능력’이라는 초자연적 소재를 가미한 이색 추리 단편집이다. ‘미래를 내다볼 수 있는 초능력자’와 만난 각 단편의 주인공들이 다양한 방식으로 대처하는 인생의 이야기를 그리고 있다.",2,국내도서-소설/시/희곡
70,9791186561683,92851493,인간 의자,"10,800원",600원,에도가와 란포 저/안민희 역,북노마드,"에도가와 란포는 ‘추리 소설의 아버지’로 불린다. 추리 소설 외에도 괴기, 환상, 공포, 그로테스크, 잔혹, 남색, 엽기 등의 분위기를 풍기는 다양한 소설을 써서 대중의 인기를 끌었다. 1931년 에도가와의 첫 전집은 13권에 달했는데도 24만 부가 판매되어 당시 죽어가던 출판사를 되살렸을 정도였다.

에도가와는 “아무리 문학적으로 훌륭해도 수수께끼와 논리적 재미가 결여된 추리 소설은 시시하다”는 자신만의 철학을 갖고 있었다. 그러나 에도가와도 시대의 수레바퀴를 멈출 수 없었다. 1930년대 중반부터 일본은 전쟁 체제를 갖추며 문화 예술 검열을 강화했다. 대중의 인기와 장르 특성으로 인해 에도가와의 작품이 검열 대상에 자주 올랐다. 수정과 삭제 등 표현의 자유를 강제 당했다. 에도가와는 어린이용 탐정물로 전향했다. 권총과 칼 등 무기를 등장시키지 않았고, 누군가를 죽이거나 다치는 장면도 없었다. 패전 후, 에도가와는 작가 발굴과 추리 소설 발전에 힘썼다.",1,국내도서-소설/시/희곡
71,9791186561577,70868000,레몬,"10,800원",600원,가지이 모토지로 저/안민희 역,북노마드,"자연과 문학, 음악, 철학을 사랑한 요절 작가. 가지이 모토지로는 다이쇼 시대 말기부터 쇼와 시대 초기에 걸쳐 몇 개의 주옥같은 작품을 남긴 작가다. 1924년 24세에 첫 작품 「레몬」을 쓰고, 32세의 젊은 나이로 세상을 떠날 때까지, 그의 문학은 늘 병상에서 이루어졌다. 그래서일까. 가지이의 소설은 병자의 불안하고 우울하고 피곤한 이야기다. 그러나 소설 속 주인공은 아프고 우울하더라도 바닥에 처박히지 않았다. 그렇다고 막연한 희망을 품지도 않았다. 

가지이 문학의 목적은 ‘불길한 덩어리’, 즉 ‘권태감’에서 도망치는 것이다. 「레몬」의 ‘나’는 짜증을 가라앉혀줄 ‘하찮고도 아름다운 것’을 찾아 걷는다. 그리고 과일 가게에서 레몬 하나를 ‘숨 막히는 마루젠’에 몰래 두고 나온다. 그는 ‘레몬 근처에서만큼은 묘하게 긴장감을 띠는 것’을 느꼈다. 레몬을 두고 도망치는 계획을 세운 가지이가 얻고 싶은 것은 무엇이었을까? 그것은 정신의 고양감이나 정신의 긴장감이었을 것이다.",2,국내도서-소설/시/희곡
72,9788932403632,3858383,키 재기 외,"9,000원",500원,히구치 이치요 저/임경화 역,을유문화사,"일본 근대 최고의 여성 소설가 히구치 이치요의 대표작을 읽다! 

세계의 삶의 방식과 문학적 성취가 살아숨쉬는 「을유세계문학전집」 제33권 『키 재기 외』. 1896년 24세 때 폐결핵으로 비극적 삶을 마감하였으나, 일본 근대 최고의 여성 소설가로 우뚝 서게 된 히구치 이치요의 대표작만을 모았다. 메이지 시대 급속히 추락해가는 요시와라 유곽을 무대로 한 성장소설을 주로 담고 있다. 에도 시대에서 메이지 시대로 넘어오는 불안정한 시기 특유의 해학과 슬픔, 사치와 빈곤, 그리고 빛과 어둠을 만끽하며 성장하는 소년, 소녀를 만나게 된다. 특히 키 재기는 요시와라 유곽의 최고급 유녀 '오마키'를 언니로 둔 예비 유녀 '미도리'의, 예비 승려 신뇨를 향한 풋풋하고 고통스러운 첫사랑 이야기를 담고 있다.",1,국내도서-소설/시/희곡
73,9791187295655,110027571,사카구치 안고 선집,"22,500원","1,250원",사카구치 안고 저/김유동 역,서커스(서커스출판상회),"일본 근대 문학의 ‘위대한 낙오자’ 사카구치 안고, 그의 시간에 바래지 않는 절대 고독의 정신

사카구치 안고는 근현대 일본 문학을 대표하는 작가 중 한 사람으로 일본 독자들과 비평가들의 관심이 끊이지 않는 작가다. ‘위대한 낙오자’라는 자유인을 꿈꿨던 안고의 정신, 일본인의 자기 기만을 날카롭게 해부하는 허식을 배제한 안고의 문학은 인간 탐구라는 산문의 본령에 속하는 일류 문학이라고 할 수 있다. 

이번에 펴내는 『사카구치 안고 선집』은 안고의 데뷔 시절부터 말년에 이르기까지 17권의 전집에 이르는 그의 방대한 작품 중에서 가장 많이 읽히고 높게 평가받는 작품 30편이 실려 있다.",2,국내도서-소설/시/희곡
74,9788970755380,109213275,해피 버스데이,"11,700원",650원,아오키 카즈오 저/가토 미키 그림/홍성민 역,문학세계사,"일본인들을 울렸고, 전일본 열도를 감동케 했던 동화.
후지 TV, 아사히 신문, 마이니치 신문 등 일본매스컴이 
부모들의 필독서로 집중 소개한 화제의 책!

『해피 버스데이』는 TV아사히의 책 소개 프로그램(‘혼파라! 세키구치 서점’)에 아동서로는 처음으로 소개되어 '시청자가 골라 읽고 싶은 책' 1위로 선정되었다. 아동도서로서는 특별하게 다양한 연령층의 독자를 획득한 것이다. “처음으로 책을 읽고 울었다”라는 어린이부터 “나도 학대를 받았다”는 독자, “사실은 아이를 사랑하지 않았는데 이 책을 읽고 생각이 달라졌다”는 부모를 비롯해 여러 학교의 선생님 등, 실로 폭넓은 독자들로부터 사랑을 받았다. 또한, 마이니치 신문사가 실시한 「학교 독서 조사」에서도 초등학교, 중학교 여학생의 '감동했거나 인상에 남는 책' 1위로 나타났다.",1,국내도서-소설/시/희곡
75,9788991931855,6072824,말하는 검,"9,900원",550원,미야베 미유키 저/최고은 역,북스피어,"미야베 미유키 시대 소설의 원점을 보여 주는 단편집이다. 이 작품집을 보면 작가 활동 초기, 아니, 문예 수업을 받던 때부터 미스터리와 마찬가지로 시대 소설에도 큰 노력을 기울여 왔음을 알 수 있다. 미야베 미유키에게 있어 시대 소설은 미스터리와 대등한 하나의 '이야기'인 것이다. 

『말하는 검』에는 미야베 미유키가 데뷔하기 전에 집필한 시대물 단편 네 편이 실려 있다. 표제작 「말하는 검」에는 『흔들리는 바위』와 『미인』의 주인공, 신비한 힘을 가진 오하쓰가 등장한다.",1,국내도서-소설/시/희곡
76,9791169794480,117660729,완벽한 미인,"12,600원",700원,호시 신이치 저/이영미 역,하빌리스,"초단편 소설의 고전 〈호시 신이치 쇼트-쇼트 시리즈〉가
새로운 번역과 편집으로 돌아왔다!

시리즈 누계 판매 5000만 부 돌파, 전 세계 30개국 이상에서 번역 출간된
전설의 시리즈, 그 첫 번째 작품

『완벽한 미인』은 〈호시 신이치 쇼트-쇼트 시리즈〉의 첫 책이다. ‘쇼트-쇼트’란 200자 원고지 20매 분량의 초단편 소설 형식을 가리키는 것으로, 호시 신이치는 이 장르를 개척하고 전 생애에 걸쳐 1000편 이상의 쇼트-쇼트 스토리들을 발표했다.

‘시리즈 누계 판매 5000만부 돌파 플래티넘셀러’ ‘전 세계 30개국 이상에서 번역 출간’ 등 경이로운 기록들을 계속해서 갈아 치우고 있는 쇼트-쇼트 시리즈. 2008년 국내에 처음 소개된 이후로 절판되어 오랫동안 구할 수 없었으나, 하빌리스에서 새로운 번역과 편집으로 재출간되었다.

시리즈의 첫 책인 만큼, 이 책에는 호시 신이치가 자신의 대표작으로 직접 고른 50편의 이야기들이 수록되어 있다.",1,국내도서-소설/시/희곡
77,9788934984580,73067134,그녀와 그녀의 고양이,"10,620원",590원,"신카이 마코토,나가카와 나루키 공저/문승준 역",비채,"빛의 마술사, 일본 애니메이션의 새로운 전설
신카이 마코토 월드의 출발점!

『너의 이름은.』 『언어의 정원』 『초속 5센티미터』 등을 통해 ‘포스트 미야자키 하야오’ 시대를 선도하는 신카이 마코토 감독. 일본은 물론, 한국에서도 거대한 신드롬을 불러일으킨 그의 데뷔작 『그녀와 그녀의 고양이』를 마침내 소설로 만난다. 『그녀와 그녀의 고양이』는 신카이 마코토가 매킨토시 한 대로 1인 제작한 모노톤 단편 애니메이션이지만, 팬들 사이에서는 섬세하고도 감성적인 ‘신카이 마코토 월드’의 근원을 엿볼 수 있는 작품이라 평가받고 있다. 버려진 고양이, 고양이를 훌쩍 집으로 데려가는 한 여자… 두 생명이 온기를 나누는 네 번의 계절에 대한 이야기가 아련하고도 따스하게 펼쳐진다.",2,국내도서-소설/시/희곡
78,9788970638126,14828672,사양,"10,800원",600원,다자이 오사무 저/이호철 역/김승옥 기획,열림원,"전후 일본의 지독한 허무, 그 위에 펼쳐놓은 다자이 오사무의 노트

『무진기행』 의 김승옥 기획 〈다자이 오사무 컬렉션〉 2권 『사양』(다자이 오사무, 이호철 옮김). 1947년 2월에 집필을 시작, 6월에 탈고. 7월부터 10월까지 『신조』지에 연재. 그해 겨울 출간 즉시 베스트셀러가 되면서 천재 작가 다자이 오사무의 입지를 더욱 견고하게 만든 작품. 전후 일본의 몰락해가는 귀족들을 다룬 내용이 당시 시대적 상황과 맞물려 독자들의 폭풍적인 호응을 이끌어냈고, 몰락한 명문 귀족이라는 뜻의 ‘사양족’이라는 말을 탄생시켰다. 그 빛을 잃지 않고 지금까지도 전 세계 독자들의 열렬한 관심을 받고 있다. 

가난으로 인해 살던 집을 정리하고 시골에서 꿋꿋하게 자신의 삶을 살아내려는 가즈코, 어떤 상황에서도 기품을 잃지 않는 이 시대의 ‘마지막 귀부인’인 어머니, 그리고 전쟁터에서 돌아와 마약 중독과 방황으로 삶을 포기해가는 남동생 나오지의 가슴 먹먹한 이야기가 펼쳐진다.",1,국내도서-소설/시/희곡
79,9791160272901,108408486,울 준비는 되어 있다,"12,420원",690원,에쿠니 가오리 저/김난주 역,소담출판사,"사랑이 끝나 가는 자리에서 시작하는 이야기
제130회 나오키상 수상 작품
2022년 리커버 개정판으로 새롭게 선보이는 『울 준비는 되어 있다』

『냉정과 열정 사이』, 『반짝반짝 빛나는』 등으로 국내에서 많은 사랑을 받은 에쿠니 가오리의 도서 중 제130회 나오키상을 받은 『울 준비는 되어 있다』가 2022년 개정판으로 출간되었다. 12편의 단편이 수록된 『울 준비는 되어 있다』는 에쿠니 가오리 특유의 세련되고 담담한 문체로 표현한 일상적인 이야기로 이루어져 있다.",2,국내도서-소설/시/희곡
80,9788954619134,7662184,만(卍)·시게모토 소장의 어머니,"13,050원",720원,"다니자키 준이치로 저/김춘미,이호철 공역",문학동네,"일본 탐미주의 문학의 거장, 다니자키 준이치로의 걸작선 『만(卍)·시게모토 소장의 어머니』가 처음으로 국내에 소개된다. 평생 '여성숭배'를 문학적 주제로 몰두하여 60년이 되는 활동 기간 동안 희곡과 수필을 포함해 300편이 넘는 작품을 발표한 그는 1958년 노벨문학상 후보가 된 후 매년 후보에 올랐다. 특히 「만(卍)」과 「시게모토 소장의 어머니」는 다니자키 문학의 다양성과 화려한 기교, 탄탄한 구성 등을 엿볼 수 있는 걸작이다. 

「만(卍)」은 악마 같은 요부 미쓰코와 그녀의 아름다움에 빠진 세 사람을 통해 성(性)이 어떻게 인간을 지배하고 파멸시키는지 탐구하고 있다. 「시게모토 소장의 어머니」는 여든 살 노인이 젊고 아름다운 아내를 잃고 느끼는 인생의 무상함과 둘 사이에 태어난 아들 시게모토가 평생 어머니를 마음에 품고 그리워하는 감정을 유려한 문장으로 그린다. ",1,국내도서-소설/시/희곡
81,9788990982902,96013864,괴소 소설,"13,320원",740원,히가시노 게이고 저/김난주 역,재인,"기발한 문학적 상상력, 탁월한 유머 감각
천재 미스터리 작가 히가시노 게이고의 대환장 웃음 시리즈 제1탄!

어딘가 이상한 사람들이 벌이는 무섭고 수상한 웃음의 세계

미스터리의 제왕으로 불리는 히가시노 게이고를 ‘유머 소설’이라는 새로운 장르의 스타로 발돋움하게 한 획기적인 작품이다. 이 작품이 나오자 빈틈없이 꽉 짜인 그의 본격 추리 소설에 익숙해졌던 독자와 평론가들이 작가의 기발한 문학적 상상력과 천부적인 스토리텔링 능력에 다시 한 번 열광했으며, 유머 소설이라는 새로운 장르에서 보여 준 그의 천재성에 놀라움을 감추지 못했다. 히가시노 게이고는 이 소설의 성공에 힘입어 이후 『독소 소설』 『흑소 소설』 『왜소 소설』 등 이른바 ‘웃음 시리즈’를 잇달아 내놓게 된다. 

여기에 수록된 아홉 개의 단편은 작가가 유명 문예지 『소설 스바루』와 『소설 신초』에 연재했던 소설 중에서 엄선한 작품들이다.",1,국내도서-소설/시/희곡
82,9788937429361,63331498,금빛 죽음,"8,820원",490원,다니자키 준이치로 저/양윤옥 역,민음사,"쏜살 문고 ‘다니자키 준이치로 선집’의 두 번째 권은 『금빛 죽음』이다. 다니자키 준이치로의 기나긴 문학 역정 중에도 주제나 장르 면에서 이색작(異色作)이 두드러지는 다이쇼 시기(1912~1926)의 작품을 골라 엮었다. 이 시기 이후에 발표한 『치인의 사랑』으로 부동의 지위를 확립한 다니자키 준이치로는 에로티시즘의 작가, 이어서 일본 고전을 깊숙이 탐구한 순문학 작가로 명성을 떨치지만, 실상 탐정 소설과 미스터리, 서스펜스 장르 문학에도 상당한 재능을 보였다. 넘쳐흐르는 부와 밀물처럼 불어닥친 서구 문화의 홍수 속에서 현대 문명의 성장을 구가하였던 일본의 시대상을 반영하듯 다이쇼 시대의 다니자키 문학은 신문물에 대한 경이와 호기심으로 가득 차 있다. 특히나 영화에 매료되었던 다니자키는 『금빛 죽음』에 수록된 작품들 속에서 영화적 미장센을 활자화해 보고자 자신의 문학적 감각을 곤두세운다.",2,국내도서-소설/시/희곡
83,9788991931664,3837757,얼간이,"12,600원",700원,미야베 미유키 저/이규원 역,북스피어,"추리소설의 여왕 미야베 미유키의 에도 시대 연작 미스터리

일본 최고의 대중작가로 손꼽히는 ‘추리소설의 여왕’ 미야베 미유키가 에도 시대를 배경으로 생동감 넘치는 이야기를 들려준다. 이 작품은 사건이 일어나고 주인공이 그 전모를 파헤쳐 가는 구성이 매우 탄탄한 미스터리로, 독특한 구조의 연작 소설이다. 초반에 일어나는 몇 가지 사건은 독립적이고 서로 상관이 없어 보이지만, 이야기가 진행되며 모든 사건 뒤에 하나의 계략이 있었음이 드러나게 된다. 연작이라고는 하나 결국은 한 편의 장편소설인 것이다.",1,국내도서-소설/시/희곡
84,9788934981176,59709372,버스데이 걸,"11,700원",650원,무라카미 하루키 저/카트 멘시크 그림/양윤옥 역,비채,"“다 읽은 뒤 몇 날이고 계속 생각난다. 종국에는 꿈까지 침입해든다. 
이것이 바로 무라카미 하루키 단편문학의 매력이다.” 
_[뉴요커]

‘무라카미 하루키×카트 멘시크’ 콤비의 강렬한 컬래버레이션
일본 중등 국어 교과서에도 수록된 명품 단편 한국 첫 소개! 

무라카미 하루키 ‘소설×아트’ 프로젝트 최신 단편 드디어 출간! 『잠』『이상한 도서관』『빵가게를 습격하다』에 이어 독일의 유명 일러스트레이터 카트 멘시크의 그림과 함께하는 『버스데이 걸』이 비채에서 출간되었다. 제목 그대로 스무 번째 생일을 맞은 한 소녀의 평범하면서도 은밀한 하루에 대해 이야기하는 『버스데이 걸』은 정갈한 문체와 울림이 있는 주제를 담은 작품으로, 일본 중학교 3학년 국어 교과서에도 수록되어 화제를 모았다.",1,국내도서-소설/시/희곡
85,9791167901965,119050660,이리하여 아무도 없었다,"15,120원",840원,아리스가와 아리스 저/김선영 역,현대문학,"장르를 초월한 이야기 세계로 초대합니다!
아리스가와 아리스의 장난기 가득한 미스터리 

일본 신본격 미스터리의 대가 아리스가와 아리스의 소설집 『이리하여 아무도 없었다』를 현대문학에서 출간한다. 아리스가와 아리스는 추리소설의 발전에 공헌한 작가에게 주어지는 ‘일본 미스터리 문학 대상’을 2023년 올해 수상하며 자신의 명성과 파급력을 많은 이들에게 다시 한번 인정받았다. 

이 책에 미스터리 콩트, 다크 판타지, 블랙 코미디 호러, 괴수 소설, 타이포 그래픽션 소설 등 그의 장난기 있고 스타일리시한 매력이 가득한 소설 14편을 묶었다. 그중 「선로 나라의 앨리스」는 루이스 캐럴의 『이상한 나라의 앨리스』를, 「미래인 F」는 에도가와 란포의 「소년 탐정단 시리즈」를, 「이리하여 아무도 없었다」는 애거서 크리스티의 『그리고 아무도 없었다』를 대담하게 재해석한 소설이다. 그의 악마적 패러디 재능으로 거장의 화려한 명작에 도전장을 내밀었다.",2,국내도서-소설/시/희곡
86,9791158791957,110239489,코로나와 잠수복,"13,320원",740원,오쿠다 히데오 저/김진아 역,북로드,"“보이지 않는 곳에서 날 지켜주는 존재가 있다!”
코로나가 휩쓸고 간 세상에 보내는 오쿠다 히데오의 마법 같은 위로

평범한 소시민이 삶에서 겪어내는 고통을 따스하게 위로하는 오쿠다 히데오의 단편소설집 『코로나와 잠수복』이 출간됐다. 인간이기에 어쩔 수 없이 겪는 아픔과 고난 속에서 지치고 힘든 우리들을 지켜주는 마법과 같은 이야기 다섯 편이 수록돼 있다. 아내의 외도로 상처받고 바닷가를 찾은 소설가, 조기 퇴직 권고를 거부하고 한직으로 밀려났지만 복싱에 빠진 중년 가장들, 인기 프로야구 선수 남자친구의 결혼 신청을 초조하게 기다리는 아나운서, 코로나바이러스에 감염된 걸 직감하고 잠수복으로 방호복을 대신한 아빠, 꿈에 그리던 드림카를 중고로 구입하고 이상한 내비게이션을 따라 여행한 남자가 각 장의 주인공이다. 이들에게 필요한 것은 분노와 슬픔을 삭이고, 자신의 나약함을 끌어안으며 고난을 극복할 수 있을 만큼의 시간과 성찰 그리고 누군가의 자그마한 위로다.",1,국내도서-소설/시/희곡
87,9788934973522,26850485,천사들의 탐정,"15,300원",850원,하라 료 저/권일영 역,비채,"☆일본모험소설협회대상 최우수단편상 수상☆

일본 하드보일드 소설사를 새로 쓴 거장 '하라 료'
‘탐정 사와자키’ 시리즈 유일의 단편집!

《그리고 밤은 되살아난다》로 마흔이 넘어 늦깎이 작가로 데뷔하여 《내가 죽인 소녀》《안녕, 긴 잠이여》 등 신주쿠 뒷골목의 중년탐정 사와자키의 활약상을 담은 ‘탐정 사와자키’ 시리즈를 통해 일본문단에 하드보일드의 참맛을 완벽히 재연한 하라 료! ‘날개 없는 천사들에게’라는 헌사로 막을 여는《천사들의 탐정》은 [204호실의 남자] 등 여섯 편의 에피소드를 한데 묶은 소설집으로, 사와자키가 조우하는 여섯 명의 십대 소년소녀들과 그들 주변의 사건사고를 담고 있다. ‘하드보일드’가 말 그대로 목 넘김이 뻑뻑한 삶은 달걀과 유관한, 무미하고 건조한 장르라지만, ‘낭만 마초’ 사와자키가 이 십대 아이들을 보는 시선만은 어른답고 따뜻하다.",1,국내도서-소설/시/희곡
88,9788990982919,97313499,왜소 소설,"15,120원",840원,히가시노 게이고 저/이혁재 역,재인,"출판계의 민낯을 낱낱이 까발린다!
천재 미스터리 작가 히가시노 게이고의 대환장 웃음 시리즈 제4탄

미스터리의 제왕으로 불리는 히가시노 게이고가 문단과 출판계 내부의 은밀한 이야기를 폭로하고 나섰다. 베스트셀러를 만들어 내기 위한 출판사 직원들의 눈물겨운 분투와, 편집자와 작가 사이의 밀고 당기는 미묘한 권력 구조와 공생 관계, 전업 작가로 사는 일의 어려움, 문학상을 둘러싼 작가들의 암투 등을 출판계 내부 사정에 정통한 사람이 아니면 결코 알 수 없는 시선으로 관찰하고 풍자한 이 작품에는 소위 ‘출판 대국’으로 알려진 일본의 민낯이 적나라하게 그려져 있다. 

히가시노 게이고는 1985년 『방과 후』로 ‘에도가와 란포 상’을 받으면서 문단에 정식 데뷔해 올해로 작가 생활 36년째를 맞이했다. 그가 데뷔한 해는 일본의 출판계의 최전성기로 꼽을 만한 시기였으나 이후 1990년을 고비로 버블 경기가 사그라지면서 출판 시장도 침체기에 들어섰다.",1,국내도서-소설/시/희곡
89,9788976046888,134245862,기적을 내리는 트릉카 다방,"15,120원",840원,야기사와 사토시 저/임희선 역,문예춘추사,"“재회란 인생에서 일어나는 가장 가까운 기적이다”

마음과 마음을 이어주는 트릉카 다방
그곳에서 펼쳐지는 따뜻한 힐링 스토리

도쿄 주택가 작은 뒷골목 제일 안쪽, 마치 몸을 숨기듯 조용히 자리 잡은 커피전문점 트릉카 다방. 《기적을 내리는 트릉카 다방》은 트릉카 다방을 중심으로 펼쳐지는 세 편의 이야기가 옴니버스 형식으로 전개된다. 어린 시절 부모에게 받은 상처로 삶을 냉소적으로 바라보게 된 대학생 슈이치, 오로지 성공만 좇다가 아픈 몸만 남은 중년의 남성 히로, 언니 기일이 다가올 때마다 덧나는 마음의 상처를 지닌 고등학생 시즈쿠. 누구나 겪을 법한 아픔을 품고 살아가던 이들은 트릉카 다방에서 이어진 인연을 통해 저마다의 슬픔을 깨닫고 상처를 치유해 나간다.

“누군가를 위해 내가 바뀌고 싶다고 생각하는 게 이렇게 기분 좋은 일인지 몰랐다.”(111쪽) 주인공들은 트릉카 다방의 마스터 다치바나가 건네는 커피 한잔을 응원 삼아 변화를 향해 용기의 발걸음을 내디딘다.",1,국내도서-소설/시/희곡
90,9788934946397,125408352,거짓과 정전,"15,120원",840원,오가와 사토시 저/권영주 역,비채,"나오키상, 일본SF대상, 요시카와에이지 문학신인상, 야마다후타로상 수상에 빛나는
21세기 일본 SF의 최전선, 오가와 사토시의 국내 첫 단편집!

도쿄 대학원 재학중에 하야카와 SF콘테스트 대상으로 데뷔한 이래, 단 다섯 작품으로 유수의 문학상을 석권하며 천재적 작가가 등장했음을 당당히 알린 오가와 사토시. 작품마다 파격적이고도 정치한 상상력으로 전 열도를 전율시키며 일본 SF계, 나아가 일본 문단을 대표하는 작가로 급부상한 그가 첫 번째 SF 단편집 《거짓과 정전》을 선보인다. 

시간여행과 스테이지 마술을 조합한 첫 단편 『마술사』부터, 유산으로 남겨진 경주마와의 인연을 추적하는 『한 줄기 빛』, 음악이 화폐로 통용되는 섬을 찾아가는 『무지카 문다나』, 유행이 소멸된 세상에서의 마지막 분투를 다룬 『마지막 불량배』, CIA와 소련 기술자가 공산주의의 소멸을 기도하는 표제작 『거짓과 정전』까지, ‘시간’을 테마로 다채로운 세계가 펼쳐진다.",2,국내도서-소설/시/희곡
91,9788954652759,63840091,진실의 10미터 앞,"13,320원",740원,요네자와 호노부 저/김선영 역,엘릭시르,"『진실의 10미터 앞』은 프리랜서 기자 다치아라이 마치가 마주한 여섯 개의 사건을 그린 단편집으로, 사건의 이면에 숨겨져 있는 진실과 그걸 밝혀내는 추리, 그리고 그 진실을 마주하는 방법을 그린 미스터리 소설이다. 각각의 단편들이 미스터리로서 뛰어난 완성도를 선보이는 한편, 있는 그대로의 사실과 사람의 눈을 거쳐 정제된 진실이 어떻게 사람들에게 받아들여지는지를 고찰하고 끊임없이 고뇌하는 다치아라이의 모습을 통해 기자로서의 역할과 사명감에 대해 생각해볼 여지를 던지는 작품이다.

『왕과 서커스』 이전의 신문사 근무 당시 벌어진 실종 사건을 그린 표제작 「진실의 10미터 앞」, 전동차 투신 사건를 그린 「정의로운 사나이」, 고등학생 커플의 동반 자살 사건을 그린 「고이가사네 정사」, 이웃의 고독사를 그린 「이름을 새기는 죽음」, 조카를 살해한 살인범의 이야기를 그린 「나이프를 잃은 추억 속에」, 태풍 속에서 살아남은 노부부의 비밀을 그린 「줄타기 성공 사례」가 수록되어 있다.",1,국내도서-소설/시/희곡
92,9788954658690,84923961,책과 열쇠의 계절,"13,320원",740원,요네자와 호노부 저/김선영 역,엘릭시르,"도서실을 무대로 두 명의 탐정이 펼치는 추리와 우정의 콜라보

고전부와 소시민 시리즈에 이은 

또 하나의 쌉싸래한 청춘 미스터리 등장!



고등학교 2학년인 호리카와 지로와 마쓰쿠라 시몬은 함께 학교 도서실의 도서위원을 맡고 있다. 호리카와는 다소 소극적이면서 순진한 데 반해 키도 크고 잘생긴 마쓰쿠라는 여러모로 눈에 띄는 존재이지만 냉소적인 구석이 있다. 어느 날 도서실을 지키고 있는 두 사람에게 도서위원 선배가 찾아와 할아버지가 남긴 금고 비밀번호를 알아내달라는 부탁을 하는데……. 우연한 계기로 맞닥뜨린 사건들에 도전하는 탐정 콤비의 활약을 담은 여섯 편의 연작 단편집.",1,국내도서-소설/시/희곡
93,9788990982681,41833371,우리 집 문제,"13,320원",740원,오쿠다 히데오 저/김난주 역,재인,"웃음, 눈물, 감동, 위로, 안심……
짜릿하고 달콤 쌉싸래한 오쿠다 월드로의 귀환.

『공중그네』의 작가 오쿠다 히데오가 선보이는 ‘가족소설’ 제2탄. 전작 『오 해피데이』가 시바타 렌자부로(柴田?三?) 상을 받는 등 공전의 히트를 기록한 데 이어 내놓은 후속작이다. 전작과 마찬가지로 일본의 평범한 가정에서 벌어지는, 사소하지만 중요한 대소사(大小事)를 특유의 위트와 섬세한 필치로 그려 냈다. 

『무리』『악의』『쥰페이, 다시 생각해!』 등의 작품에서 하류 사회의 어둡고 비정한 현실을 사실적으로 묘사했던 오쿠다 히데오지만, 역시 그의 주특기는 『공중그네』 류의 반짝반짝 빛나는 유머라고 할 수 있다. 물론 그의 유머에는 마냥 웃을 수만은 없는 부조리한 인간 세계의 슬픔이 도사리고 있으며, 그 거역할 수 없는 슬픈 현실을 용기와 사랑으로 돌파해 나가는, 그래서 끝내는 격한 공감의 눈물을 흘리게 하거나 빙그레 웃음 짓게 만드는 힘이 있다.",1,국내도서-소설/시/희곡
94,9788991931381,2880690,혼조 후카가와의 기이한 이야기,"8,550원",480원,미야베 미유키 저/김소연 역,북스피어,"한쪽으로밖에 잎이 나지 않는 갈대, 한밤중 나그네의 뒤를 쫓는 등롱, 낚시꾼을 홀리는 해자, 낙엽이 지지 않는다는 나무, 깊은 밤 알 수 없는 곳에서 소란스레 들려오는 음악 소리, 천장을 부수며 내려오는 거대한 발, 꺼지는 법 없는 사방등…….

이 책은 미야베 미유키에게 제13회 요시카와 에이지 문학상 신인상을 안겨준 연작 시대 미스터리물이다. 에도 시대 말기 무렵 생겨났다고 하는 혼조의 일곱 가지 불가사의를 중심으로 벌어지는 알 수 없는 사건과 가슴 아픈 사연들을 담았다.",1,국내도서-소설/시/희곡
95,9788950927417,119650563,나도라키의 머리,"14,400원",800원,사와무라 이치 저/이선희 역,arte(아르테),"“절대 그곳에 들어가서는 안 돼!”

일본 호러소설대상 만장일치 대상 수상 작가
『보기왕이 온다』 사와무라 이치의 최신 공포 단편집
제72회 추리작가협회상 단편부문 수상작 수록!

평범한 현실 속 뒤틀린 인간 심리를 건드리며 극한의 공포를 끌어낸 메타 호러의 걸작 『보기왕이 온다』로 제22회 일본 호러소설대상 대상을 수상하며 화려하게 데뷔한 사와무라 이치의 최신작 『나도라키의 머리』가 아르테에서 출간되었다. 일본에서 유례없는 인기를 누리며 팬덤까지 형성된 최강의 영능력자 히가 자매가 어린 시절에 겪은 괴이한 일들과 주변 인물들의 과거 일화가 담긴 스핀오프 괴담집으로 『보기왕이 온다』로 시작된 히가 자매 시리즈의 네 번째 소설이자 첫 단편집이다.",1,국내도서-소설/시/희곡
96,9791167901323,115180962,그림자밟기 여관의 괴담,"13,950원",770원,오시마 기요아키 저/김은모 역,현대문학,"요괴의 저주인가,
인간의 악의인가?

제17회 ‘미스터리즈! 신인상’ 수상
오싹한 괴담과 치밀한 논리의 환상적인 마리아주

괴담과 미스터리의 탁월한 조합으로 호평을 받은 오시마 기요아키의 연작소설집 『그림자밟기 여관의 괴담』(2021)이 현대문학에서 출간되었다. 오랜 시간 유령과 요괴 연구에 매진해온 연구가이자 괴담 수집가이며, 열렬한 미스터리 독자이기도 한 오시마 기요아키는 틈틈이 전문 분야인 ‘괴담’과 자신이 사랑해 마지않는 ‘미스터리’를 결합시킨 이야기들을 써서 추리 문단의 문을 두드렸다. 그리고 2020년 일본의 유서 깊은 출판사 도쿄소겐샤가 주최한 제17회 ‘미스터리즈! 신인상’ 소설 공모전에서 괴담 작가가 아마추어 탐정으로 활약하는 독특한 설정의 호러 미스터리 단편 「그림자밟기 여관의 괴담」으로 “응모작 가운데 단연 돋보이는 작품”(요네자와 호노부)이라는 평가를 받으며 452편에 달하는 쟁쟁한 경쟁작들을 물리치고 수상의 영예를 안았다.",2,국내도서-소설/시/희곡
97,9788966803699,7468138,모리 오가이 단편집,"22,000원",660원,모리 오가이 저/손순옥 역,지식을만드는지식(지만지),"모리 오가이의 초기 삼부작이라고 불리는 ＜무희(無姬)＞, ＜마리 이야기＞, ＜아씨의 편지＞와 함께 ＜인신매매 산쇼 다유＞, ＜최후의 한마디＞를 소개한다. 이 다섯 작품은 모두 스무 살 미만의 자아가 투철한 소녀가 주인공이다. 주인공들의 생동감이 넘치며 능동적인 모습을 통해 오가이의 긍정적인 여성관을 엿볼 수 있다.",3,국내도서-소설/시/희곡
98,9788937403187,9551,도마뱀,"9,900원",550원,요시모토 바나나 저/김옥희 역,민음사,,2,국내도서-소설/시/희곡
99,9788934946656,123126135,무라카미 하루키 단편 만화선 세트,"121,680원","6,760원",무라카미 하루키 원저/PMGL 그림/Jc드브니 각색/김난주 등역,비채,"당신이 사랑하는 이상한 세계
무라카미 하루키 단편소설을 만화로 만나다

무라카미 하루키 단편소설이 만화로 각색되어 독자들을 만난다. 아홉 편의 단편소설을 각각 한 권의 만화책으로 펴낸 세계 최초 하루키 만화화 프로젝트 『무라카미 하루키 단편 만화선』. 〈빵가게 재습격〉과 같은 초기작부터 〈개구리 군 도쿄를 구하다〉를 거쳐 〈타일랜드〉 〈셰에라자드〉 등 근작까지, 프랑스 차세대 예술가로 주목받는 만화가 PMGL과 아트 디렉터 Jc 드브니가 다채로운 매력의 하루키 월드를 눈앞에 펼쳐 보인다.",2,국내도서-소설/시/희곡
100,9791160270006,110793153,맨드라미의 빨강 버드나무의 초록,"12,420원",690원,에쿠니 가오리 저/신유희 역,소담출판사,"리커버판으로 다시금 만나는, 데뷔 초 에쿠니 가오리 특유의 섬세한 감수성과 세련된 문체
다양한 사랑의 형태를 에쿠니 가오리만의 시선으로 개성 있게 녹여 낸 소설

문예지 데뷔작 「포물선」
가장 에쿠니다운 작품이라 불리는 「선잠」
새로운 장르에 도전하는 「재난의 전말」
『반짝반짝 빛나는』 그 10년 후 이야기 등

9편의 수작이 수록된
에쿠니 가오리 특별 컬렉션

『냉정과 열정 사이』, 『반짝반짝 빛나는』 등으로 사랑을 받아온 에쿠니 가오리의 2008년 단편집이 2022년 리커버판으로 새롭게 출간되었다. 1989년에서 2003년 사이에 쓴 작품들을 모은 『맨드라미의 빨강 버드나무의 초록』은 『반짝반짝 빛나는』의 뒷이야기가 담겨 있다는 것만으로도 기대와 궁금증을 자아낸다. 에쿠니 가오리의 문예지 데뷔작인 「포물선」, 가장 에쿠니다운 작품이라고 평가받는 「선잠」, 새로운 장르에 도전하는 「재난의 전말」 등, 총 9편의 수작이 담겨 있다.",1,국내도서-소설/시/희곡
101,9788954611343,3962797,그리고 명탐정이 태어났다,"13,500원",750원,우타노 쇼고 저/현정수 역,문학동네,"우타노 쇼고의 밀실 트릭 3부작

『벚꽃 지는 계절에 그대를 그리워하네』의 작가 우타노 쇼고의 밀실 트릭 3부작을 담았다. 눈 오는 산장과 외딴 섬, 서양식 저택까지 세 가지 밀실에서 펼쳐지는 반전과 트릭이 돋보이는 세 작품을 만날 수 있다.",1,국내도서-소설/시/희곡
102,9788954613194,4433032,고야산 스님 · 초롱불 노래,"9,450원",520원,이즈미 교카 저/임태균 역,문학동네,"일본의 전통미와 독특한 환상세계를 추구한 이즈미 교카의 대표작

환상문학의 대가 이즈미 교카의 단편을 모았다. 자연주의 문학이 주류를 이루던 메이지 시대에 요괴나 민담, 전통예능 등 잊혀가던 일본의 전통문화를 추구하며 일본 낭만주의 문학에 독자적인 경지를 열었던 이즈미 교카는 후대에 가와바타 야스나리, 미시마 유키오 등 유명 작가들에게 큰 영향을 미쳤다.",1,국내도서-소설/시/희곡
103,9788954438582,63836690,스트로베리 나이트,"13,320원",740원,혼다 데쓰야 저/이로미 역,자음과모음,"경찰이 선정한 최고의 경찰 소설 작가, 혼다 데쓰야!
시청률 1위를 기록하며 일본 열도를 뜨겁게 달궜던 드라마
후지TV [스트로베리 나이트]의 원작 소설 시리즈!

「레이코 형사 시리즈」는 경시청 형사부 수사1과 살인범 수사계 경위, 카리스마 넘치는 외강내유의 형사 히메카와 레이코를 주인공으로 하는 미스터리 연작소설 시리즈이다. 시리즈 첫 번째 작품인 『스트로베리 나이트』는 상처의 힘에 관한 잔혹한 이야기이다. 

시련은 누구에게나 찾아오지만 모든 시련이 상처를 남기는 것은 아니다. ‘나를 죽이지 않은 시련은 나를 더 강하게 만드는 것’이라는 말이 있듯이 시련은 담금질처럼 사람을 단단하게 만들고 쓸모 있는 존재로 성장시킨다. 그러나 상처는 다르다. 가볍든 무겁든 상처는 오직 인생을 갉아먹는 독일 뿐이다. 다행히도 대부분의 상처가 시간이 흐르면 사라지기 마련이지만, 특별히 위험한 상처들이 있다.",2,국내도서-소설/시/희곡
104,9791198288240,124492419,"오늘, 가족이 되었습니다","13,500원",750원,사쿠라이 미나 저/현승희 역,빈페이지,"제19회 전격소설대상 대상 수상작가
사쿠라이 미나가 들려주는 따뜻한 가족의 이야기!

2013년 『비짜루가 자란 정원』으로 제19회 전격소설대상 대상을 수상하며 데뷔한 작가 사쿠라이 미나! 청춘로맨스 『거짓말이 보이는 나는, 솔직한 너에게 사랑을 했다』와 서스펜스 미스터리 『죽인 남편이 돌아왔습니다』 등 장르를 넘나드는 재능을 선보이며 많은 독자들의 사랑을 받고 있는 저자가 ‘가족’을 테마로 한 따뜻한 이야기로 돌아왔다.

『오늘, 가족이 되었습니다』는 돌아가신 할머니의 유산을 상속받기 위해 뿔뿔이 흩어져 살고 있던 네 명의 가족 구성원이 한 집에 살게 되면서 벌어지는 때로는 좌충우돌, 때로는 따뜻한 에피소드를 그린 소설이다. ‘상속을 받으려면 상속인들이 모두 한 집에 살아야 한다’는 할머니의 유언에 담긴 비밀, 그리고 이 조건에 당혹스러워하면서도 후회로 가득했던 자신들의 과거와 마주하며 진정한 가족의 의미를 깨달아가는 상속인들의 이야기를 따뜻하게 그려낸다.",2,국내도서-소설/시/희곡
105,9791160078596,116025843,옛날 옛적 어느 마을에 역시 시체가 있었습니다,"14,670원",810원,아오야기 아이토 저/이연승 역,한스미디어,"옛날이야기 × 본격 미스터리 트릭 제3탄!
신비롭고 아기자기한 전래동화가
수수께끼투성이의 추리소설로 전격 변신하다!

독특한 캐릭터, 이색적인 소재와 배경을 자유자재로 주물러 늘 전대미문의 작품을 만들어내는 ‘발상의 천재’ 작가 아오야기 아이토가 『옛날 옛적 어느 마을에 시체가 있었습니다』의 뒤를 잇는 소설집, 옛날이야기와 본격 미스터리 트릭을 결합한 미스터리 3탄으로 돌아왔다.

『옛날 옛적 어느 마을에 역시 시체가 있었습니다』는 『옛날 옛적 어느 마을에 시체가 있었습니다』의 시리즈 연작으로, 서양 동화로 변주를 준 스핀오프 장편소설 『빨간 모자, 여행을 떠나 시체를 만났습니다』까지 포함하면 시리즈 세 번째 작품, 전래동화에 본격 미스터리 트릭을 결합한 이야기로는 두 번째 작품이다.",2,국내도서-소설/시/희곡
106,9788986836776,108737547,절벽의 밤,"11,700원",650원,미치오 슈스케 저/김은모 역,청미래,"당신이 알고 있던 모든 진상이 뒤집힌다!
여태껏 만나보지 못한 미스터리의 새로운 경지

나오키 상을 비롯해 일본추리작가협회상, 본격 미스터리 대상 등 일본 유수 문학상을 휩쓸며 호러 서스펜스의 대가로 떠오른 미치오 슈스케가 스스로 “지금까지 읽어본 적 없는 소설”이라고 자부한 『절벽의 밤』이 출간되었다. 작품을 발표할 때마다 치밀한 논리와 인간의 욕망에 대한 통찰로 미스터리 팬들을 만족시켜온 그는 이 소설에서 다양한 인간 군상과 보다 독창적인 트릭으로 미스터리 장르의 새로운 경지를 보여준다. 

『절벽의 밤』은 4장의 이야기로 구성되어 있다. 각각의 이야기는 단편으로서도 완결되어 있지만, 전체를 읽었을 때에 사건의 전모가 드러나며 혼란과 충격을 안겨주는 독특한 작품이다. 출간 당시부터 독자들이 해설을 요청하거나 직접 해설을 게재하는 등 화제를 불러일으킨 소설이기도 하다.",2,국내도서-소설/시/희곡
107,9791167900722,105392392,축제와 예감,"11,700원",650원,온다 리쿠 저/김선영 역,현대문학,"사상 최초 서점대상Ｘ나오키상 동시 수상
『꿀벌과 천둥』의 끝과 시작, 그리고 못다 한 이야기들

2017년 일본 문학사상 최초로 나오키상과 서점대상을 동시 수상하며 한일 양국에서 뜨거운 관심을 받았던 온다 리쿠의 『꿀벌과 천둥』. 순수한 열정과 냉정한 비즈니스가 공존하는 콩쿠르를 무대로 세상에 음악을 전하고자 분투하는 음악가들의 이야기를 생생히 그려 “온다 리쿠 문학의 정점”으로 불린 이 작품의 스핀오프 소설집이 출간되었다. 『꿀벌과 천둥』 이후 4년 반 만에 찾아온 신작 『축제와 예감』은 전작에서 미처 다루지 못했던 주요 인물과 그 주변인들의 내밀한 이야기 여섯 편을 담고 있다. 
",2,국내도서-소설/시/희곡
108,9791188152742,69769062,"그럼, 안녕히…… 야마자키 도미에였습니다.","11,700원",650원,야마자키 도미에 저/박현석 역,현인,"다자이 오사무와 함께 생을 마감한 여인의 일기와 
그들의 죽음을 둘러싼 글들을 한데 모아놓은 책. 

건강이 매우 좋지 않았던 말년의 다자이 오사무가 집필에만 전념할 수 있도록 물심양면으로 힘이 되어주다, 마지막 저승길까지 함께 따라간 여인 야마자키 도미에. 다자이 오사무와 함께한 날들에 대한 그녀의 진솔한 기록. 그녀의 일기에서는 다자이 오사무와의 관련성뿐만 아니라, 한 남자를 향한 한 여성의 죽음마저도 두려워하지 않은 지독한 사랑을 읽을 수 있다. 그리고 그들의 죽음을 둘러싼 여러 가지 의문. 그 의문에 대한 글들.",2,국내도서-소설/시/희곡
109,9788998791698,44196445,신이 없는 달,"12,600원",700원,미야베 미유키 저/이규원 역,북스피어,"춘하추동 사계절의 풍물을 배경으로 평범한 사람들이 삶 속에서 마주치는 크고 작은 갈등을 변화하는 계절의 모습과 함께 그려낸 연작소설이다. 『혼조 후카가와의 기이한 이야기』, 『말하는 검』을 잇는 미야베 미유키의 세 번째 시대소설 작품집으로 달력의 열두 달에 얽힌 열두 가지 이야기가 담겨 있다.

「신이 없는 달」은 매년 딱 한 번, 10월 밤에만 도둑질을 하는 남자와 이 이상한 도둑을 쫓는 탐정 역 오캇피키에 관한 이야기이다. 그는 왜 하필 10월에만 나타나는 걸까. 현장에서 발견된 팥은 범인에 대한 단서가 될 수 있을까. 그리고 마침내 ‘신이 자리를 비운 달’에만 의식처럼 행하는 도둑질의 이면에 숨겨진 가슴 아픈 사연이 밝혀진다.",2,국내도서-소설/시/희곡
110,9791128824326,57256097,일본 명단편선 1,"26,800원",원,구니키다 돗포 등저/최재철 등역,지식을만드는지식(지만지),"메이지부터 쇼와 전기까지, 일본 근현대를 대표하는 명작가들의 명단편을 모았다. 일본 근대 문학 전문가의 정확한 번역과 친절한 해설은 독자를 19세기 초 격동하는 일본 개화기의 현장으로 안내할 것이다. 1권에서는 구니키다 돗포의 「잊히지 않는 사람들」을 비롯해 인생을 주제로 하는 열세 편의 작품을 소개한다.",1,국내도서-소설/시/희곡
111,9791197708503,108605104,투명인간은 밀실에 숨는다,"13,950원",770원,아쓰카와 다쓰미 저/이재원 역,리드비(READbie),"2021년 각종 미스터리 랭킹을 휩쓸며 극찬을 받은 일본 미스터리계 최고의 화제작, 『투명인간은 밀실에 숨는다』가 한국에 출간되었다. 현재 일본에서 가장 주목 받는 젊은 작가인 아쓰카와 다쓰미의 작품집으로, 투명인간이 범죄를 저지르는 표제작 「투명인간은 밀실에 숨는다」, 아이돌 팬이 배심원이 되어 사건을 추리하는 「6명의 열광하는 일본인들」, 소리를 통해서 사건을 추리하는 「도청당한 살인」, 방탈출 게임에서 진짜 탈출을 해야 하는 「13호실의 살인」 등 총 네 편의 이야기로 구성돼 있다.

작가 아쓰카와 다쓰미는 2017년 장편 『명탐정은 거짓말을 하지 않는다』로 데뷔한 이래 꾸준히 수준 높은 본격 미스터리를 집필해 왔다. 특히 치밀한 트릭과 엄격한 논리에 강점을 보여 왔는데, 이번 작품집은 특수 설정을 끌어와 한층 더 높은 수준의 미스터리를 선보인다.",2,국내도서-소설/시/희곡
112,9791189571474,101562921,일곱 색의 독,"12,420원",690원,나카야마 시치리 저/문지원 역,블루홀6,"2009년 제8회 ‘이 미스터리가 대단해!’ 대상 수상작 『안녕, 드뷔시』의 작가 나카야마 시치리의 『일곱 색의 독』이 블루홀식스에서 출간되었다. 『살인마 잭의 고백』에 이어진 이누카이 하야토 형사 시리즈의 두 번째 이야기이자 오랫동안 기다려온 이누카이 하야토의 컴백을 알리는 첫 작품이다. 『일곱 색의 독』은 사회파 미스터리와 본격 미스터리의 재미를 듬뿍 담은 ‘이누카이 하야토 형사 시리즈’의 두 번째 이야기다. 인간의 악의를 일곱 가지 색으로 표현한 단편 연작 미스터리로, 사회의 부조리한 측면과 이에 얽힌 인간 내면의 이면을 조명한다.

『일곱 색의 독』은 ‘이누카이 하야토 형사 시리즈’의 두 번째 작품으로, ‘소설 야성 시대’에 2012년부터 2013년에 수록된 단편 여섯 작품에 새로운 한 작품을 엮어 만든 이야기다. 작품에서는 붉은색, 검은색, 하얀색, 푸른색, 녹색, 노란색 그리고 보라색. 일곱 가지 ‘색’에 얽힌 수수께끼에 이누카이 하야토 형사가 도전한다.",2,국내도서-소설/시/희곡
113,9791196184360,76146066,조용한 무더위,"13,500원",750원,와카타케 나나미 저/문승준 역,내친구의서재,"코지 미스터리의 여왕, 하드보일드의 달인, 단편 미스터리의 명수……. 셀 수 없이 다양한 수식어를 가진 작가 와카타케 나나미의 마스터피스 『조용한 무더위-살인곰 서점의 사건파일』이 출간되었다.

『조용한 무더위』는 와카타케 나나미가 탄생시킨 ‘터프하고 불운한 명탐정’ 하무라 아키라가 활약하는 연작 소설집이다. 표제작인 「조용한 무더위」와 「소에지마 씨 가라사대」가 ‘이 미스터리가 대단하다’ 심사에서 심사위원들로부터 역대급 미스터리라는 평을 받았고, 이들 단편이 수록된 『조용한 무더위』는 그해 최고의 미스터리를 뽑는 ‘이 미스터리가 대단하다’ 2위에 올랐다.",2,국내도서-소설/시/희곡
114,9788934967514,127075118,달까지 3킬로미터,"16,020원",890원,이요하라 신 저/홍은주 역,비채,"* 제3회 미라이야 소설대상
* 제8회 시즈오카 서점대상
* 제38회 닛타 지로 문학상

지구과학 전문가라는 이색적인 이력의 소설가
이요하라 신의 첫 감성 미스터리!
가슴을 울리는 따뜻한 위로가 담긴 작품집

《달까지 3킬로미터》는 삶의 의욕을 잃고 죽을 곳을 찾는 남자와 택시기사의 하룻밤 드라마를 그린 표제작 〈달까지 3킬로미터〉를 비롯해 〈하늘에서 보낸 편지〉 〈외계인의 식당〉 등 총 일곱 편의 이야기를 담은 소설집이다. 지구과학 전문가라는 이색적인 이력의 소설가 이요하라 신이 작가로서 자신의 이름을 널리 알린 대표작이기도 하다. 과학자의 시선으로 인간의 삶을 조망한 감성 미스터리로, “과학의 광채가 마음을 감싸주며 절묘한 조화를 이룬다”는 평가를 받으며 큰 인기를 끌었다. 작가와 평론가, 서점 직원들의 극찬을 받으며 2019년 미라이야 소설대상, 시즈오카 서점대상, 닛타 지로 문학상을 수상했다.",2,국내도서-소설/시/희곡
115,9788958207115,99181167,해질녘 보랏빛,"11,700원",650원,히구치 이치요 저/유윤한 역 ,궁리출판,"여성 작가들의 품격 있고 당당한 행진, 에디션F 8
일본 근대 문학의 선구자, 히구치 이치요 작품선 

조용히 세상을 움직여온 여성 작가들의 품격 있고 당당한 행진, 에디션F 시리즈의 네 번째 작가는 히구치 이치요(1872~1896)이다. 히구치 이치요는 일본 근대 문학을 대표하는 작가이자 일본 지폐 5천 엔을 장식하는 인물로, 이 책 『해질녘 보랏빛』에서는 그의 대표작 소설 여섯 편과 일기를 수록하고 있다. 히구치 이치요는 가부장제도 안팎에서 고통을 겪는 여성들의 삶을 작품 속에 녹여냈으며, 다양한 여성들의 서사를 문학의 언어로 끌어안아 100여 년이 지난 지금까지도 일본 근대 문학의 선구자로 인정받고 있다.",1,국내도서-소설/시/희곡
116,9788937429743,91892741,배반의 보랏빛,"8,820원",490원,히구치 이치요 저/강정원 역,민음사,"글쓰기를 생활의 유일한 연장으로 삼은 일엽편주의 삶 
아직 낡은 시대에 선보인 찬란한 서정의 조각들

‘이제는 아무런 생각도 하지 않을 거야. 아무런 생각도 하지 않겠어.’ 하고는 두건 겉에서 귀를 누르며 총총히 대여섯 보를 뛰기 시작하자 가슴의 두근거림은 어느새 멈춰 기분이 차분히 맑아졌으며, 핏기 없는 입술에는 쌀쌀맞은 웃음마저 떠올랐다.” 
ㅡ「배반의 보랏빛」에서 

2004년 선보인 일본 화폐의 주인공으로 익숙한 근대 소설가 히구치 이치요. 극심한 가난에 시달린 그녀의 짧은 생을 돌이켜보자면, 고액권 화폐 속 그의 초상은 얄궂은 농담 같다. 아버지와 큰오빠의 죽음으로 16세에 호주가 된 이치요는 실질적인 집안의 가장으로서, 생계 수단을 소설로 삼은 전업 작가다. 메이지 시대 초, 아직 불안정한 미디어였던 ‘소설’에 본인과 가족의 삶을 태우고 나서, 그는 나쓰라는 본명 대신 달마대사가 강을 건널 때 탔다는 일엽편주의 이름을 빌려 이치요(一葉)라 자처한다.",2,국내도서-소설/시/희곡
117,9788937429385,86644896,여뀌 먹는 벌레,"9,720원",540원,다니자키 준이치로 저/임다함 역,민음사,"이번 ‘쏜살 문고 다니자키 준이치로 선집’은, 육십여 년에 이르는 문학 역정 내내 경이로운 우주를 펼쳐 보이며 왕성하게 활동한 대작가의 작품 세계를 일대기적으로 조망할 수 있게끔 열 권의 책으로 구성하였다. 다니자키의 전 작품을 예고하며 장차 싹틀 모든 맹아를 품은 데뷔작 「문신」(『소년』에 수록)부터 초기 대표작 『치인의 사랑』, 새로운 전기를 마련한 『여뀌 먹는 벌레』, 『요시노 구즈』, 그리고 후기를 대표하는 작품이자 틴토 브라스 등 해외 거장들의 격찬을 받은 에로티시즘 문학의 절정 『열쇠』, 작가의 고유한 미학을 들여다볼 수 있는 에세이집 『음예 예찬』에 이르기까지, 다니자키 준이치로의 문학 세계를 깊이 음미할 수 있다.",2,국내도서-소설/시/희곡
118,9791188152735,69769057,"그럼, 이만……  다자이 오사무였습니다.","10,800원",600원,다자이 오사무 저/박현석 역,현인,"다자이 오사무의 처녀작이라 할 수 있는 「추억」에서 대표작인 「인간실격」, 그리고 생의 마침표인 「유서」까지. 다자이 오사무 자신이 말하는 인간 다자이 오사무에 관한 글들. 그리고 이어서 마음의 자서전이라 할 수 있는 「인간실격」까지. 이 책을 통해서 우리는 다자이 오사무의 생을 한눈에 바라볼 수 있으며, 그를 통해서 그의 대표작인 「인간실격」을 더욱 깊이 이해할 수 있게 될 것이다.",1,국내도서-소설/시/희곡
119,9788925575612,124217767,날개가 전해 준 것,"10,800원",600원,오가와 이토 저/권영주 역,알에이치코리아(RHK),"올겨울을 따스함으로 물들일 
오가와 이토의 신작 힐링 소설

* 베스트셀러 『달팽이 식당』, 『츠바키 문구점』 작가의 최신작 
* 소중한 사람과 함께 읽고 싶은 마음 따뜻한 어른 동화 

잔잔하면서도 따스한 감성으로 마음의 추위를 녹여 주는 힐링 소설의 대가 ‘오가와 이토’가 일본의 유명 일러스트레이터 ‘구리포포(GURIPOPO)’와 컬래버레이션한 미니 소설 『날개가 전해 준 것』이 출간되었다. 작가가 어릴 적 할머니와 함께 새를 키웠던 추억을 바탕으로 10년에 걸친 구상 끝에 완성한 장편소설 『바나나 빛 행복』을 원작으로 탄생한 또 하나의 사랑스러운 이야기다. 특유의 맑고 깊은 시선으로 저마다의 상처를 극복하고 성장하는 인물들의 이야기를 그린 따뜻한 작품으로 전 세계 수많은 열성 팬들을 가지고 있는 작가는 이번 신작에서 어미 새 대신 할머니와 소녀의 극진한 돌봄 속에서 태어난 작은 왕관앵무새 ‘리본’의 이야기를 들려준다.",2,국내도서-소설/시/희곡
120,9788986836929,123270740,폭포의 밤,"13,500원",750원,미치오 슈스케 저/김은모 역,청미래,"마지막 사진을 통해 독자를 사건의 중심에 서게 만드는 체험형 미스터리!
『절벽의 밤』을 잇는 고난도 추리소설, 전율의 대반전! 

각 장의 마지막 페이지에 삽입된 사진을 이용해 미스터리 소설의 저변을 넓힌 “안 된다” 시리즈의 두 번째 작품 『폭포의 밤』이 한국에 출간되었다. 나오키 상을 비롯해 일본 추리작가협회상, 본격 미스터리 대상 등 일본 유수 문학상을 휩쓸며 호러 서스펜스의 대가로 떠오른 미치오 슈스케는 좀처럼 속편을 내지 않는 작가로 유명하지만, 전편에서 시도한 사진을 활용한 추리의 가능성을 좀더 심도 있게 다루자 했다고 한다.

『폭포의 밤』은 총 4편의 이야기로 구성되어 있다. 각각의 단편에서 미치오 슈스케는 꽃과 폭포 등 아름다운 경관 속에 반드시 이루어져야 할 소원을 감춘 사람들의 절망과 슬픔을 들춰낸다. 소원을 이루어준다는 전설이 있는 묘진 폭포는 각각의 인물들의 바람을 때로는 잔혹하게, 때로는 상냥하게 배신하며 인간의 서로 다른 욕망이 부딪히게 만든다.",1,국내도서-소설/시/희곡
121,9788932041957,122673854,여자와 여자의 세상,"16,200원",900원,스즈키 이즈미 저/최혜수 역,문학과지성사,"일본 페미니즘 SF의 선구자 스즈키 이즈미鈴木いづみ의 『여자와 여자의 세상-스즈키 이즈미 프리미엄 컬렉션鈴木いづみプレミアム?コレクション』이 문학과지성사에서 출간되었다.

스즈키 이즈미는 누드모델, 핑크영화 배우, 연극배우, 각본가 등 다채로운 활동을 하며 소설을 쓴 작가로, 1970년대에 신문, 잡지, 단행본, 영화, 무대, TV 등 거의 모든 미디어 등장, 그 존재 자체가 하나의 미디어가 되어 70년대를 구현했다는 평을 받는다.

그동안은 특이한 개인사로 기억되었으나, 1990년대부터 그의 작품 세계와 문학성이 주목받게 되었고, 일본 분유사에서 그의 모든 작품들을 출간하며 그의 현대적 가치가 재발견되었다. 2021년과 2023년에는 미국에서도 SF 작품집이 출간되어 큰 반향을 불러일으켰다.",2,국내도서-소설/시/희곡
122,9791191803174,119456601,마이크로스파이 앙상블,"15,030원",830원,이사카 고타로 저/강영혜 역,내친구의서재,"『골든 슬럼버』 『집오리와 들오리의 코인로커』를 잇는
이사카 고타로의 걸작 음악소설!
1년에 한 편씩 7년 동안 써내려온 이야기

일본을 대표하는 작가 이사카 고타로의 최신작 『마이크로스파이 앙상블』이 출간되었다. 『마이크로스파이 앙상블』은 작가가 1년에 한 편씩, 장장 7년에 걸쳐 완성한 연작소설로, 제목 그대로 가장 작은 스파이들이 등장하는 사랑스러운 소설이다. 무엇보다도 음악 페스티벌 ‘오하라☆브레이크’를 위해 쓴, 『골든 슬럼버』와 『집오리와 들오리의 코인로커』를 잇는 음악 소설이어서 더욱 반갑다. 

‘상처받고 방황하는 청년’과 ‘위기에 맞닥뜨린 스파이’. 언뜻 접점이 없어 보이는 두 사람의 세계가 얽히는 순간, 작은 기적들이 터진다. 무심한 세상 속에서도 우리는 서로를 도울 수 있음을, 누구도 혼자가 아님을, 이사카 고타로만의 따뜻한 시선으로 보듬고 있다. 아름다운 호수와 섬세하게 배치된 음악이 그들을 강하게 묶어주는 것은 물론이다.",2,국내도서-소설/시/희곡
123,9791169794725,117660737,사색 판매원,"13,320원",740원,호시 신이치 저/이영미 역,하빌리스,"초단편 소설의 고전 〈호시 신이치 쇼트-쇼트 시리즈〉가
새로운 번역과 편집으로 돌아왔다! 

시리즈 누계 판매 5000만 부 돌파, 전 세계 30개국 이상에서 번역 출간된
전설의 시리즈, 그 두 번째 작품

『사색 판매원』은 〈호시 신이치 쇼트-쇼트 시리즈〉의 두 번째 책으로, 에도가와 란포가 극찬한 충격적 데뷔작 「섹스트라SEXTRA」를 비롯해 총 41편의 기상천외하면서도 보편성을 확보한 이야기들이 실려 있다.

“성욕 처리기에서 세계연방 결성까지. 그가 가진 기발한 상상력은 유쾌하고, 무엇보다 재미있다”라는 란포의 평처럼, 이 책에는 사색을 판매하는 영업 사원부터 세계 평화를 가져온 오르가즘 기계까지 충격적이고도 도발적인 에피소드들이 끊임없이 펼쳐진다.

또한 이 책에는 쇼트-쇼트 스토리 중에서도 조금 긴 호흡의 작품들이 수록되어 있다.",1,국내도서-소설/시/희곡
124,9791159921155,43527822,비교적 낙관적인 케이스,"11,700원",650원,오카다 도시키 저/이홍이 역/홍살롱 그림방 그림,알마,"오에 겐자부로상 수상 작가, 전방위 아티스트 
오카다 도시키의 작품 세계를 한 권으로 만난다!

‘의지의 행위로서의 낙관주의를 문학의 범주 안에서 실감케 한 작품’이라는 극찬을 받으며 제2회 오에 겐자부로상을 수상한 작가 오카다 도시키. 2016년 여름, 수상작 『우리에게 허락된 특별한 시간의 끝』으로 한국 독자에게 강렬한 인상을 남긴 오카다 도시키의 다양한 면모를 엿볼 수 있는 소설집 『비교적 낙관적인 케이스』가 출간되었다. 작가가 [신초], [군조] 등 일본의 문예지에 발표한 단편소설 여덟 편을 알마에서 소설집으로 엮어 일본보다 한발 먼저 한국 독자에게 선 보인다. 작가 특유의 파격적인 문학적 실험은 물론, 동일본 대지진 이후의 현실 인식, 아티스트로서의 고민, 창작의 즐거움까지…. 소설과 희곡 연극연출 등을 넘나들며 전방위 아티스트로 활동하는 오카다 도시키만큼이나 소설의 스펙트럼 또한 넓고 다채롭다.",1,국내도서-소설/시/희곡
125,9788990982520,12996521,그 무렵 누군가,"12,420원",690원,히가시노 게이고 저/이혁재 역,재인,"당신이었을지도 모르는 누군가의 이야기
누구에게나 사연은 있다.

여기 담긴 여덟 편의 이야기도 작가 히가시노 게이고에게는 각기 특별한 사연을 간직한 소중한 작품들이다. 

장편소설 『비밀』의 원형인 〈아빠, 안녕〉, 『명탐정의 규칙』을 집필하게 된 계기가 되었던 〈명탐정의 퇴장〉, 출판사에 작품을 보내 놓고 마음에 들지 않아 마감을 불과 몇 시간 앞두고 처음부터 새로 썼던 작품 〈자고 싶어, 죽고 싶지 않아〉 등, 특별한 사정이 있는 만큼 특별한 애정이 담긴 이 작품들을 작가는 수 년 동안 보듬고 다듬어 『그 무렵 누군가』라는 한 권의 소설집으로 탄생시킨 것이다. 

그중 〈레이코와 레이코〉 〈수수께끼가 가득〉 〈20년만에 지킨 약속〉 〈재생 마술의 여인〉 등 네 편은 일본의 유명 배우들이 총출동해 화제가 되었던 후지 TV 드라마 시리즈 ‘히가시노 게이고 미스터리즈’의 원작이기도 하다.",1,국내도서-소설/시/희곡
126,9788961840989,3784850,"신의 아이 (백색인), 신들의 아이 (황색인)","9,900원",550원,엔도 슈사쿠 저/이평춘 역,어문학사,"20세기 일본문학의 대표작가 엔도 슈사쿠의 초기작
제33회 아쿠타가와상(賞) 수상작

일본의 대표적인 가톨릭 문학작가 엔도 슈사쿠의 아쿠타가와상 수상작이다. 그의 대표적인 작품 「신의 아이(백색인)」와 「신들의 아이(황색인)」는 종교와 신과 구원의 문제에 관해 고찰한 엔도 슈사쿠의 초기 작품들이다. 작가가 프랑스 유학을 마치고 돌아와 『아덴까지』를 쓴 후 연이어 발표한 이 작품들은 작가가 유럽과 동양의 종교문화의 차이로부터 겪은 방황, 갈등의 요소를 그대로 투영하고 있다.",2,국내도서-소설/시/희곡
127,9788998791445,24946730,비둘기피리 꽃,"10,800원",600원,미야베 미유키 저/김은모 역,북스피어,"미야베 월드. 초능력을 지닌 세 여성에 관한 단편집. 과거의 어두운 비밀이나 흉악한 범죄와 마주친 초능력자들의 이야기 속에서 일견 편리하고 만능으로 보이는 힘 또한 고통과 모순을 동반하고 있다는 점을 그려냈다.

표제작 「비둘기피리 꽃」에는 사람의 마음을 읽어낼 수 있는 형사 혼다 다카코가 등장한다. 수사 업무에 자신의 능력을 활용하면서 보수적인 조직 사회에서 열심히 일해 온 다카코는 어느 날 머릿속에서 무언가가 사라져 가는 듯한 이상 현상을 느낀다. 다카코는 태어날 때부터 함께하며 의지해 왔던 능력을 잃고 있음을 직감하고, 그럼에도 자신이 앞으로 형사로서 쓸모가 있을지에 대해 불안감을 느낀다. 그런데 이때 다카코의 근무지에서 연이어 세 건의 사건이 터지게 된다.",2,국내도서-소설/시/희곡
128,9791191766332,103304125,우리를 뭐라고 불러야 할까,"13,320원",740원,오타니 아키라 저/김수지 역,위즈덤하우스,"사랑도 우정도 원망도 구원도 여자에게만 허락된 이야기 
여자가 갈 수 있는 세계의 모든 것

미디어 속의 여자들은 대부분 젊거나 아름답거나 날씬하거나 착하다. 그렇지 않은 여자는 어딘가 부족하거나 이상한 취급을 받는다. 독특한 상상력으로 장르를 넘나드는 소설집 『우리를 뭐라고 불러야 할까』에는 어제 버스 정거장에서 마주친, 교실이나 동네에 한 명쯤은 있을 법한 여자들이 등장한다. 여자라는 이유만으로 세상에 녹아들지 못하고 소외되어온 여성들은 스스로를 옭아매는 편견과 관습을 떨치기 위해 완전한 자유를 향해 떠난다.",2,국내도서-소설/시/희곡
129,9791155922736,102165654,짧았기에 더욱 빛나는,"11,700원",650원,"히구치 이치요,아쿠타가와 류노스케,가지이 모토지로 등저/안영신,박은정,서홍 공역",작가와비평,"창작의 혼을 불태우며 짧은 생을 살다 간 
여섯 명의 천재 작가가 들려주는 삶의 이야기

좋은 일본문학 작품을 소개하고자 하는 목적으로 기획된 [일본문학 컬렉션] 시리즈 첫 번째 이야기인 『짧았기에 더욱 빛나는』은 창작의 혼을 불태우다 짧은 생을 마감한 일본 근대 작가 여섯 명의 단편 소설이 실린 문학 단편선이다. 천재라는 수식어가 항상 뒤따르는 이들의 작품 가운데서 두 편씩 선별하여 작가가 가진 특유의 매력을 맛볼 수 있다. 그들이 살았던 근대라는 격동의 시기가 우리가 현재 겪고 있는 시대와 크게 다르지 않기 때문일까. 인간 삶에 대한 그들의 사유는 시간적, 공간적 배경만 다를 뿐 지금도 충분한 공감을 이끌어낸다.",2,국내도서-소설/시/희곡
130,9791196986797,98998790,벚꽃나무 아래,"12,600원",700원,"가지이 모토지로 저/이현욱,하진수,한진아 공역",위북(webook),"31세에 세상을 떠난 천재 작가 가지이 모토지로
병약한 천재의 맑고 깨끗한 삶의 숨결
섬뜩하리만큼 아름답고 눈부신, 가지이 모토지로 단편소설 모음집!

31세의 짧은 생애를 살았고, 작품 활동을 한 시기는 단 7년에 불과하지만 그 이름은 1세기 가까이 이어져온 가지이 모토지로. 그는 이과계 고등학교를 졸업하고 도쿄제국대학 영문과를 들어간 독특한 이력을 가졌으며, 대학을 중퇴하고 자신이 창간한 동인지를 중심으로 활동하면서도 일본 문학계의 인정을 받았던 천재 작가였다. 당시 신현실주의, 신감각파, 신흥예술파 문학 조류 속에서 그의 작품이 발표되자 일본 문학계는 새로운 가능성을 발견했다는 극찬을 받으며 신선한 충격을 주었고, 지금까지 이어져 ‘불후의 고전’이 되었다.",1,국내도서-소설/시/희곡
131,9791128824487,57429337,일본 명단편선 5,"28,800원",원,아쿠타가와 류노스케 저/최석재 역,지식을만드는지식(지만지),"메이지부터 쇼와 전기까지, 일본 근현대를 대표하는 명작가들의 명단편을 모았다. 일본 근대 문학 전문가의 정확한 번역과 친절한 해설은 독자를 19세기 초 격동하는 일본 개화기의 현장으로 안내할 것이다. 5권에서는 아쿠타가와 류노스케의 「덤불 속」을 비롯해 광기를 주제로 하는 열여섯 편의 작품을 소개한다.",3,국내도서-소설/시/희곡
132,9791128824401,57258078,일본 명단편선 3,"26,800원",원,모리 오가이 등저/유진우 등역,지식을만드는지식(지만지),"메이지부터 쇼와 전기까지, 일본 근현대를 대표하는 명작가들의 명단편을 모았다. 일본 근대 문학 전문가의 정확한 번역과 친절한 해설은 독자를 19세기 초 격동하는 일본 개화기의 현장으로 안내할 것이다. 3권에서는 모리 오가이의 「한나절」를 비롯해 근대를 주제로 하는 열네 편의 작품을 소개한다.",3,국내도서-소설/시/희곡
133,9788932029443,35048784,묵동기담 / 스미다강,"10,800원",600원,나가이 가후 저,문학과지성사,"아름다웠던 과거를 그대로 박제하다!
에도 시대를 그리워한 탐미주의자, 나가이 가후 대표작

『묵동기담』의 주인공 다다스는 실제로 화류계 여성들과 염문을 뿌리며 문단에서 이단아 취급을 받던 나가이 가후의 모습을 담고 있다. 다다스는 급속도로 서구화되는 화려한 긴자 거리를 피해 빈민촌을 즐겨 찾고, '묵동'으로 표현한 스미다 강 주변이야말로 옛 정취를 간직하고 있는 진정한 '일본적'인 장소라며 18세기 에도 문화에 대한 애착을 표한다.

전체주의, 군국주의로 치닫는 당시 일본에 환멸과 무력감을 느낀 가후는, 불확실한 미래보다 현재의 쾌락을 중시했던 에도 시대 일본인들의 삶을 좇으며 탐미주의적 문학 세계로 빠져든다. 가후는 강 위의 다리 하나하나, 골목 구석구석까지 세세하게 표현하며, 주인공의 시선을 통해 자신이 기억하고 싶었던 옛 정경을 박제하듯 기록한다.",2,국내도서-소설/시/희곡
134,9788960900141,2603939,수달,"8,100원",450원,무코다 구니코 저/김윤수 역,마음산책,"‘홈드라마의 양식을 구축한 작가’인 무코다 구니코의 단편집. 『수달』에는 1980년 제83회 을 수상한 「수달」「꽃이름」「개집」을 포함한 단편 13편이 수록되어 있다. 아내와 남편, 실직자, 중소기업 사장, 임산부, 이혼녀에 이르기까지 중년의 남녀들이 그 주인공이다. 무코다 구니코는 엇갈린 부부 감정, 풀리지 않은 응어리, 양심의 가책, 무기력함 등 감춰졌던 내면이 드러나는 순간을 포착하여, 하나의 드라마로 엮어내고 있다. 아무것도 아닌 것 같은 광경 속에서, 답답한 인생의 단면을 발견하고, 그것을 한 편의 ?..",2,국내도서-소설/시/희곡
135,9791156861997,19347263,재조일본인 여급소설,"14,000원",원,김효순 외편역,역락,"『재조일본인 여급소설』은 1920년대 말에서 1930년대 전반기 잡지 《조선 및 만주》, 《조선공론》에 발표된 여급소설 12편을 모아 엮은 책이다.",2,국내도서-소설/시/희곡
136,9791190156394,118475068,나오키 산주고 단편소설선집,"12,600원",700원,나오키 산주고 저/박현석 역,현인,"일본 대중문학의 선구자, 나오키 산주고의 국내 첫 작품집

나오키 산주고 상으로 우리나라에도 이름이 널리 알려진 일본 대중문학의 선구자 나오키 산주고. 그러나 그는 문학상의 이름으로만 알려져 있을 뿐, 정작 그의 작품은 거의 소개되어 있지 않다. 그런 나오키 산주고의 작품 가운데 몇몇 단편을 추려 한 권으로 엮었다.",2,국내도서-소설/시/희곡
137,9791191746075,114251228,개는 훌륭하다,"14,220원",790원,하세 세이슈 저/윤성규 역,창심소,"우리의 상처를 치유해주는 반려견의 기적!

2020년 나오키상 수상작인 『소년과 개』와 후속작 『소울 메이트』로 한국 애견인들의 마음을 울렸던 하세 세이슈의 3번째 작품 『개는 훌륭하다』가 출간되었다. 토이 푸들, 믹스견, 래브라도 리트리버, 바셋 하운드, 플렛 코디드 리트리버, 프렌치 불독, 버니즈 마운틴 도그라는 7종의 개와 함께 살아가며 깊은 마음의 상처를 치유하는 것에서 한 걸음 더 나아가 가족 그 이상의 관계로 발전하는 과정을 따뜻하게 그리고 있는 『개는 훌륭하다』를 통해 반려견이 주는 진정한 의미를 다시 한 번 깨달을 수 있을 것이다.",2,국내도서-소설/시/희곡
138,9791161251189,61971727,마음,"8,820원",490원,나쓰메 소세키 저/이은정 역,더디(더디퍼런스),"일본 근대 문학의 정수, 나쓰메 소세키의
자신의 마음을 다스리기 원하는 이들을 위한 소설

일본 근대 문학을 대표하는 ‘최초의 문호’로 지금도 일본 독자들에게 꾸준히 인기를 얻고 있는 나쓰메 소세키는 일본적 감수성과 윤리관으로 서양 문명을 비판적으로 바라보며 일본 사회에 대한 통찰을 전개한 ‘국민적 지식인’으로 더 높이 평가받고 있다. 영국 유학생활을 마치고 도쿄제국대학에서 영문학을 가르치던 나쓰메 긴노스케가 ‘나쓰메 소세키’라는 필명으로 문예 잡지 『호토토기스』에 단편소설 「나는 고양이로소이다」를 발표한 것은 1905년 1월이다. 첫 소설이 예상 밖의 호평을 얻자 그는 속편을 연재하고, 이 한 해 동안 다른 단편을 3편이나 발표했다. 이로부터 2년 후에는 도쿄제국대학 교수 자리를 던지고 『아사히신문』의 전속 작가가 됨으로써 전업 작가의 길을 걷는다.",1,국내도서-소설/시/희곡
139,9791196008154,50327309,구멍,"12,600원",700원,오야마다 히로코 저/한성례 역,걷는사람,"걷는사람 세계문학선, 그 첫 번째. 일본 문단을 사로잡은 ‘괴물’ 같은 신예, 오야마다 히로코의 국내 첫 출간 소설 『구멍』. 이 책에는 현실과 환상을 넘나드는 기묘한 필치로 우리 삶의 불안을 선득하게 그려내는 소설가 오야마다 히로코의 대표 작품이 수록되었다. 등단작이자 제30회 ‘오다 사쿠노스케 상’과 제4회 ‘히로시마 혼 대상 (소설 부문)’을 동시에 수상한「공장」, 제150회 ‘아쿠타가와 류노스케 상’을 수상한 「구멍」, 그리고 오야마다 히로코만의 독특한 스타일로 직조된 초단편 소설 「이모를 찾아가다」 등을 만날 수 있다.",2,국내도서-소설/시/희곡
140,9791186274385,61783878,갈매기/산화/수치/아버지/신랑,"7,110원",390원,다자이 오사무 저/김욱 역,책읽는고양이,"일본 데카당스문학의 대표 작가로 꼽히는 다자이 오사무의 단편집으로, 작가로서의 고뇌와 열등감, 평판에 대한 번민과 주류 문학에 대한 비판, 어린 후배들에게 보내는 조언과 작가로서의 보람 및 에피소드 등을 주제로, 작가인 '나'가 등장하는 4편과 작가인 '그'가 등장하는 1편을 묶은 단편집이다.

「갈매기」에서 주인공인 작가는 전쟁터에서 보내오는 어린 후배들의 글을 조금 손봐서 문학지에 실어준다. 자신의 글이 처음으로 실렸을 때보다 훨씬 기뻐하며 속으로 이렇게 외친다.

""이래도 내가 데카당이냐? 이래도 내가 악덕한 놈이냐?""

그러나 겉으로는 벙어리 갈매기마냥 아무 소리 하지 못한다. 몰골사나운 거리의 악사처럼 그저 계속 연주하는 것밖에 달리 방법이 없는 무력한 자신을 그려낸다.
한편 「산화」에서는 전쟁터에 나가 장렬히 죽음을 맞은 후배의 편지 속 한 문장을 통해 굉장한 자극을 받는다.",2,국내도서-소설/시/희곡
141,9788965114116,115787079,에도가와 란포 호반정 사건,"11,700원",650원,"에도가와 란포 저/이성규,오현영 역",시간의물레,"『호반정사건(湖畔亭事件, 고한테이지켄)』은 일본에서 추리소설 작가로 명성이 자자한 에도가와 란포(江?川??)가 저술한 중편 추리소설을 번역한 것이다.
본 역서의 원 저본은 1926년 1월 3일~5월 2일까지 오사카마이니치(大阪?日)신문사에서 발행하는 『선데이 마이니치(サンデ??日)』에 연재된 작품이다. 그리고 본 역서는 고분샤(光文社)에서 2004년에 발행한 에도가와 란포 전집 제2권 『파노라마 섬 기담(パノラマ島綺譚)』에 기반을 둔, 인터넷 도서관 아오조라(?空)문고에서 제공하고 있는 인터넷 파일을 번역 대상으로 삼았다.
아래는 본 역서의 줄거리를 일부 요약한 것이다.

주인공인 ‘나’는 요양을 위해 호수 근처 ‘호반정(湖畔亭)’이라는 여관에 머물게 된다. 나는 렌즈나, 안경을 이용한 장치를 통해 남을 들여다보는 습관이 있다. 호반정에서도 탈의장에 그러한 장치를 설치해놓고 자기 방에서 즐기고 있었다.",2,국내도서-소설/시/희곡
142,9791155922941,107669455,발칙한 그녀들,"11,700원",650원,"히구치 이치요,시미즈 시킹 등저/안영신,박은정,서홍 공역",작가와비평,"앞서 나가는 생각으로 시대를 거슬렀던
일곱 명의 여성 작가가 들려주는 삶의 이야기

〈일본문학 컬렉션〉의 두 번째 이야기인 『발칙한 그녀들』은 앞서 나가는 생각으로 시대를 거슬렀던 일본 여성 작가 일곱 명의 단편 소설이 실린 문학 단편선이다. 새로운 문명이 한창 유입되던 19세기 말에서 20세기 초에 발표된 작품들을 모았으며, 제목인 ‘발칙한 그녀들’은 작품을 쓴 여성 작가들 그리고 그녀들의 분신이었던 작품 속 여성 인물을 의미한다.",2,국내도서-소설/시/희곡
143,9788956689487,11143724,아쿠타가와 류노스케 전집 4,"24,300원",270원,조사옥 편,제이앤씨(J&C),"일본 작가 아쿠타가와 류노스케(芥川龍之介)의 문학은, 현재 일본이라는 지리적 공간과 일본어라고 하는 언어공간을 넘어서 세계 약 14개 국어로 번역 소개되어 애독되고 있다. 이는 다양한 문학 표현 방식이나 텍스트 그 자체가 재미있기도 하지만, 36세라는 짧은 인생 속에서 어떻게 살아가야 할지를 고뇌한 궤적이 독자의 심금을 울리기 때문이다. 본권 제４권에는 중국을 소재로 한 작품이 많이 실렸으며 “두자춘(杜子春)”에서 “보은기(報恩記)”에 이르는 19개의 작품이 수록되어 있다.",2,국내도서-소설/시/희곡
144,9788961849159,73425565,일본 근현대 여성문학 선집 12,"15,300원",850원,"하야시 후미코 저/김효순,오성숙 공역",어문학사,"본 간행 사업은, 일본의 여성문학이 근대 이후 양적인 측면과 질적인 측면에서 상당한 성과를 축적하였을 뿐만 아니라, 같은 동아시아 문화권을 살아온 한국 여성의 삶이나 문학, 문화와 밀접한 관계를 가지고 있음에도 불구하고, 아직 체계적으로 전체를 조망할 수 있는 전집 형태가 없다는 문제의식에서 기획된 것이다. 이에 근대인으로서의 자아각성이나 젠더, 섹슈얼리티, 계급, 원폭, 전쟁, 식민지 체험 등 일본 여성문학이 다루어 온 다양한 주제를 체계적으로 망라하여, 한국의 여성학, 여성문학연구자 더 나아가 일반 독자들이 유사한 경험을 한 한국 여성의 삶과 문학을 사유하는 데에 참조가 되는 구성이 될 수 있도록 노력하였다.",2,국내도서-소설/시/희곡
145,9791188152711,62490288,엽기의 끝,"10,800원",600원,에도가와 란포 저/박현석 역,현인,일본 탐정소설계에 커다란 족적을 남긴 에도가와 란포. 아케치 고고로가 등장하는 에도가와 란포의 작품은 일본 탐정소설의 고전으로 여겨지며 지금도 여전히 커다란 인기를 누리고 있는데 그런 작품 가운데서도 이 『엽기의 끝』은 이색적인 작품이라고 할 수 있다. 그 에도가와 란포가 스스로 ‘기형아’라 불렀던 최고의 문제작. 에도가와 란포는 현대의 성형술을 미리 예측하고 있었던 것일까? 그 성형술을 이용한 ‘하얀 박쥐단’의 놀라운 음모를 밝혀내는 아케치 고고로의 박진감 넘치는 모험담.,2,국내도서-소설/시/희곡
146,9791130413242,13265293,모리 오가이 단편집 (큰글자책),"30,000원",원,모리 오가이 저/손순옥 역,지식을만드는지식(지만지),"모리 오가이의 초기 삼부작이라고 불리는 ＜무희(舞姬)＞, ＜마리 이야기＞, ＜아씨의 편지＞와 함께 ＜인신매매 산쇼 다유＞, ＜최후의 한마디＞를 소개한다. 이 다섯 작품은 모두 스무 살 미만의 자아가 투철한 소녀가 주인공이다. 주인공들의 생동감이 넘치며 능동적인 모습을 통해 오가이의 긍정적인 여성관을 엿볼 수 있다.",3,국내도서-소설/시/희곡
